Rank,Name,Team,WAR,G,oWAR,dWAR,PA,ePA,AB,R,H,2B,3B,HR,TB,RBI,SB,CS,BB,HP,IB,SO,GDP,SH,SF,AVG,OBP,SLG,OPS,R/ePA,wRC+,WAR2
,,,,,,,,,,,,,,,,,,,,,,,,,,,,,,,,
1,송성문,25,8.58,144,7.54,1.04,646,642,574,103,181,37,4,26,304,90,25,2,68,1,5,96,6,0,3,0.315,0.387,0.53,0.917,0.183,164.1,8.58
,,3B,,,,,,,,,,,,,,,,,,,,,,,,,,,,,,
2,양의지,25,6.79,130,6.6,0.2,517,514,454,56,153,27,1,20,242,89,4,2,50,7,6,63,10,0,6,0.337,0.406,0.533,0.939,0.189,162.8,6.79
,,C,,,,,,,,,,,,,,,,,,,,,,,,,,,,,,
3,안현민,25,6.77,112,6.63,0.14,482,478,395,72,132,19,4,22,225,80,7,1,75,9,5,72,4,0,3,0.334,0.448,0.57,1.018,0.226,182.7,6.77
,,RF,,,,,,,,,,,,,,,,,,,,,,,,,,,,,,
4,김주원,25,6.33,144,6.27,0.06,624,620,539,98,156,26,8,15,243,65,44,11,63,16,1,111,8,4,2,0.289,0.379,0.451,0.83,0.162,131.1,6.33
,,SS,,,,,,,,,,,,,,,,,,,,,,,,,,,,,,
5,디아즈,25,5.8,144,4.81,0.99,628,621,551,93,173,32,0,50,355,158,1,0,60,6,10,100,15,0,11,0.314,0.381,0.644,1.025,0.205,159.7,5.8
,,1B,,,,,,,,,,,,,,,,,,,,,,,,,,,,,,
6,김성윤,25,5.5,127,5.12,0.38,538,528,456,92,151,29,9,6,216,61,26,7,65,5,0,54,11,10,2,0.331,0.419,0.474,0.893,0.189,146.2,5.5
,,RF,,,,,,,,,,,,,,,,,,,,,,,,,,,,,,
7,박성한,25,5.28,127,4.74,0.55,538,536,452,73,124,23,2,7,172,48,5,6,79,3,1,93,6,2,2,0.274,0.384,0.381,0.765,0.149,120.8,5.28
,,SS,,,,,,,,,,,,,,,,,,,,,,,,,,,,,,
8,이재현,25,5.13,139,4.49,0.63,555,544,457,82,116,29,1,16,195,67,6,1,69,11,1,119,8,10,8,0.254,0.36,0.427,0.787,0.146,113.9,5.13
,,SS,,,,,,,,,,,,,,,,,,,,,,,,,,,,,,
9,박동원,25,5.12,139,4.8,0.32,523,518,451,57,114,25,0,22,205,76,4,0,62,2,4,124,10,3,5,0.253,0.342,0.455,0.797,0.142,121,5.12
,,C,,,,,,,,,,,,,,,,,,,,,,,,,,,,,,
10,노시환,25,4.88,144,4.47,0.41,624,618,539,97,140,28,2,32,268,101,14,5,70,11,10,125,22,0,4,0.26,0.354,0.497,0.851,0.156,129.7,4.88
,,3B,,,,,,,,,,,,,,,,,,,,,,,,,,,,,,
11,오스틴,25,4.86,116,5.11,-0.25,499,494,425,82,133,25,1,31,253,95,3,0,61,2,7,62,11,0,11,0.313,0.393,0.595,0.988,0.199,171.6,4.86
,,1B,,,,,,,,,,,,,,,,,,,,,,,,,,,,,,
12,박찬호,25,4.56,134,4.25,0.3,595,587,516,75,148,18,2,5,185,42,27,6,62,3,0,69,7,8,6,0.287,0.363,0.359,0.722,0.127,107.3,4.56
,,SS,,,,,,,,,,,,,,,,,,,,,,,,,,,,,,
13,박해민,25,4.55,144,3.36,1.19,544,522,442,80,122,18,2,3,153,43,49,14,68,8,0,94,7,22,4,0.276,0.379,0.346,0.725,0.136,115.7,4.55
,,CF,,,,,,,,,,,,,,,,,,,,,,,,,,,,,,
14,구자욱,25,4.48,142,5.11,-0.63,616,611,529,106,169,43,2,19,273,96,4,1,73,5,7,91,9,1,8,0.319,0.402,0.516,0.918,0.185,143.6,4.48
,,LF,,,,,,,,,,,,,,,,,,,,,,,,,,,,,,
15,박민우,25,4.38,117,3.72,0.66,468,461,404,64,122,25,8,3,172,67,28,8,44,12,5,64,5,4,4,0.302,0.384,0.426,0.81,0.152,123.3,4.38
,,2B,,,,,,,,,,,,,,,,,,,,,,,,,,,,,,
16,최형우,25,4.37,133,4.37,-0.01,549,545,469,74,144,30,1,24,248,86,1,0,67,8,8,98,9,0,5,0.307,0.399,0.529,0.928,0.186,157.6,4.37
,,DH,,,,,,,,,,,,,,,,,,,,,,,,,,,,,,
17,케이브,25,4.3,136,4.02,0.28,593,592,538,72,161,28,6,16,249,87,17,1,43,4,1,116,7,0,8,0.299,0.351,0.463,0.814,0.146,125.4,4.3
,,RF,,,,,,,,,,,,,,,,,,,,,,,,,,,,,,
18,문보경,25,4.18,141,4.72,-0.53,607,605,515,91,142,21,1,24,237,108,3,1,79,4,3,108,15,0,9,0.276,0.371,0.46,0.831,0.159,135.5,4.18
,,3B,,,,,,,,,,,,,,,,,,,,,,,,,,,,,,
19,구본혁,25,3.59,131,2.25,1.33,397,384,343,41,98,16,2,1,121,38,10,5,36,6,1,44,4,12,0,0.286,0.364,0.353,0.717,0.125,106,3.59
,,3B,,,,,,,,,,,,,,,,,,,,,,,,,,,,,,
20,에레디아,25,3.54,96,2.95,0.59,415,412,375,46,127,18,0,13,184,54,1,2,31,7,4,62,9,0,2,0.339,0.398,0.491,0.889,0.173,141,3.54
,,LF,,,,,,,,,,,,,,,,,,,,,,,,,,,,,,
21,위즈덤,25,3.49,119,3.48,0.02,486,485,424,73,100,20,1,35,227,85,3,0,52,4,2,142,9,0,6,0.236,0.321,0.535,0.856,0.155,131.4,3.49
,,1B,,,,,,,,,,,,,,,,,,,,,,,,,,,,,,
22,신민재,25,3.49,135,4.18,-0.69,538,532,463,87,145,15,7,1,177,61,15,9,62,3,0,57,7,6,4,0.313,0.395,0.382,0.777,0.151,128.8,3.49
,,2B,,,,,,,,,,,,,,,,,,,,,,,,,,,,,,
,,,,,,,,,,,,,,,,,,,,,,,,,,,,,,,,
23,김현수,25,3.36,140,3.61,-0.24,552,552,483,66,144,24,0,12,204,90,4,0,64,4,1,73,10,0,1,0.298,0.384,0.422,0.806,0.156,133.1,3.36
,,LF,,,,,,,,,,,,,,,,,,,,,,,,,,,,,,
24,김형준,25,3.27,127,2.59,0.69,415,412,362,51,84,10,1,18,150,55,3,0,45,3,0,126,7,3,2,0.232,0.32,0.414,0.734,0.124,100.9,3.27
,,C,,,,,,,,,,,,,,,,,,,,,,,,,,,,,,
25,최재훈,25,3.23,121,3.45,-0.22,348,338,269,28,77,15,0,1,95,35,1,1,46,17,0,48,4,10,6,0.286,0.414,0.353,0.767,0.156,129.7,3.23
,,C,,,,,,,,,,,,,,,,,,,,,,,,,,,,,,
26,레이예스,25,3.21,144,3.63,-0.42,643,627,573,75,187,44,1,13,272,107,7,1,58,3,17,66,25,0,9,0.326,0.386,0.475,0.861,0.156,124.8,3.21
,,LF,,,,,,,,,,,,,,,,,,,,,,,,,,,,,,
27,윤동희,25,3.14,97,2.57,0.56,399,396,330,54,93,21,1,9,143,53,4,2,49,11,2,65,12,3,6,0.282,0.386,0.433,0.819,0.159,128.9,3.14
,,RF,,,,,,,,,,,,,,,,,,,,,,,,,,,,,,
28,이주형,25,2.93,127,2.37,0.56,514,510,446,55,107,22,1,11,164,45,15,1,37,28,2,115,7,3,0,0.24,0.337,0.368,0.705,0.115,103.8,2.93
,,CF,,,,,,,,,,,,,,,,,,,,,,,,,,,,,,
29,오지환,25,2.89,127,2.65,0.24,472,465,419,57,106,24,1,16,180,62,9,7,37,3,0,115,4,7,6,0.253,0.314,0.43,0.744,0.12,101.9,2.89
,,SS,,,,,,,,,,,,,,,,,,,,,,,,,,,,,,
30,김휘집,25,2.87,142,2.78,0.09,500,498,429,64,107,18,2,17,180,56,10,2,40,27,0,89,9,2,2,0.249,0.349,0.42,0.769,0.138,112.3,2.87
,,3B,,,,,,,,,,,,,,,,,,,,,,,,,,,,,,
31,정수빈,25,2.83,132,2.32,0.51,546,537,462,89,119,16,4,6,161,38,26,13,61,11,2,57,7,8,4,0.258,0.355,0.348,0.703,0.122,104.8,2.83
,,CF,,,,,,,,,,,,,,,,,,,,,,,,,,,,,,
32,김영웅,25,2.82,125,2.03,0.79,499,497,446,66,111,22,2,22,203,72,6,2,48,2,3,143,6,0,3,0.249,0.323,0.455,0.778,0.132,102.8,2.82
,,3B,,,,,,,,,,,,,,,,,,,,,,,,,,,,,,
33,김호령,25,2.82,105,2.57,0.24,381,373,332,46,94,26,3,6,144,39,12,1,34,6,0,94,4,8,1,0.283,0.359,0.434,0.793,0.146,123.2,2.82
,,CF,,,,,,,,,,,,,,,,,,,,,,,,,,,,,,
34,권희동,25,2.76,136,2.62,0.13,456,448,358,56,88,24,0,6,130,39,5,5,77,11,0,80,10,8,2,0.246,0.393,0.363,0.756,0.154,124.8,2.76
,,LF,,,,,,,,,,,,,,,,,,,,,,,,,,,,,,
35,데이비슨,25,2.72,112,3.1,-0.38,439,439,386,63,113,18,0,36,239,97,1,0,31,8,1,118,10,0,14,0.293,0.346,0.619,0.965,0.184,149,2.72
,,1B,,,,,,,,,,,,,,,,,,,,,,,,,,,,,,
36,문성주,25,2.61,135,2.31,0.31,542,542,475,57,145,20,2,3,178,70,4,3,54,4,0,59,10,0,9,0.305,0.375,0.375,0.75,0.135,115.1,2.61
,,RF,,,,,,,,,,,,,,,,,,,,,,,,,,,,,,
37,강민호,25,2.59,127,2.33,0.26,465,461,412,37,111,23,1,12,172,71,2,2,38,7,4,69,16,1,7,0.269,0.336,0.417,0.753,0.124,96.4,2.59
,,C,,,,,,,,,,,,,,,,,,,,,,,,,,,,,,
38,문현빈,25,2.42,141,3.1,-0.69,592,585,528,71,169,30,2,12,239,80,17,6,38,10,2,82,11,5,11,0.32,0.37,0.453,0.823,0.149,124.2,2.42
,,LF,,,,,,,,,,,,,,,,,,,,,,,,,,,,,,
39,최지훈,25,2.3,140,2.25,0.05,574,568,517,66,147,16,4,7,192,45,28,7,43,5,2,87,2,4,5,0.284,0.342,0.371,0.713,0.116,93.8,2.3
,,CF,,,,,,,,,,,,,,,,,,,,,,,,,,,,,,
40,장성우,25,2.27,129,2.24,0.03,480,477,413,44,102,13,0,14,157,58,0,1,55,2,1,96,13,2,8,0.247,0.333,0.38,0.713,0.118,96.1,2.27
,,C,,,,,,,,,,,,,,,,,,,,,,,,,,,,,,
41,김선빈,25,2.11,84,2.74,-0.63,308,306,271,31,87,18,1,3,116,46,4,0,31,3,0,35,9,2,1,0.321,0.395,0.428,0.823,0.162,136.6,2.11
,,2B,,,,,,,,,,,,,,,,,,,,,,,,,,,,,,
42,유강남,25,2.09,110,1.9,0.18,350,347,303,35,83,18,0,5,116,38,0,0,26,13,0,66,11,3,5,0.274,0.352,0.383,0.735,0.126,101.4,2.09
,,C,,,,,,,,,,,,,,,,,,,,,,,,,,,,,,
43,하주석,25,2.08,95,1.38,0.71,305,294,276,34,82,14,0,4,108,28,2,1,12,5,0,66,10,11,1,0.297,0.337,0.391,0.728,0.116,96.8,2.08
,,SS,,,,,,,,,,,,,,,,,,,,,,,,,,,,,,
44,고승민,25,2.05,121,1.66,0.39,538,532,469,71,127,21,2,4,164,45,5,1,56,3,1,83,8,6,4,0.271,0.35,0.35,0.7,0.118,94.3,2.05
,,2B,,,,,,,,,,,,,,,,,,,,,,,,,,,,,,
45,리베라토,25,2,62,2.46,-0.47,273,273,246,41,77,18,2,10,129,39,1,0,23,0,0,47,3,0,4,0.313,0.366,0.524,0.89,0.172,143.1,2
,,CF,,,,,,,,,,,,,,,,,,,,,,,,,,,,,,
46,이진영,25,1.99,115,1.42,0.57,366,366,321,49,88,13,0,11,134,43,1,4,38,2,0,93,8,0,5,0.274,0.35,0.417,0.767,0.136,113.4,1.99
,,RF,,,,,,,,,,,,,,,,,,,,,,,,,,,,,,
47,나성범,25,1.91,82,2.23,-0.32,310,309,261,30,70,16,0,10,116,36,0,0,42,6,1,79,6,0,1,0.268,0.381,0.444,0.825,0.163,136.6,1.91
,,RF,,,,,,,,,,,,,,,,,,,,,,,,,,,,,,
48,김재환,25,1.91,103,1.51,0.4,407,405,344,42,83,13,2,13,139,50,7,2,57,4,3,96,4,0,2,0.241,0.354,0.404,0.758,0.138,118.1,1.91
,,DH,,,,,,,,,,,,,,,,,,,,,,,,,,,,,,
49,박건우,25,1.85,124,2.19,-0.33,442,440,384,43,111,24,1,9,164,67,6,4,47,5,2,63,6,1,5,0.289,0.37,0.427,0.797,0.147,119.4,1.85
,,RF,,,,,,,,,,,,,,,,,,,,,,,,,,,,,,
50,정준재,25,1.84,132,1.67,0.17,442,426,371,58,91,10,3,0,107,25,37,8,51,3,0,93,4,16,1,0.245,0.34,0.288,0.628,0.101,81.7,1.84
,,2B,,,,,,,,,,,,,,,,,,,,,,,,,,,,,,
51,한유섬,25,1.82,128,1.9,-0.08,511,507,455,50,124,24,0,15,193,71,1,0,46,7,3,120,6,1,2,0.273,0.347,0.424,0.771,0.134,108.4,1.82
,,RF,,,,,,,,,,,,,,,,,,,,,,,,,,,,,,
52,오명진,25,1.8,107,1.15,0.65,371,363,331,38,87,14,4,4,121,41,5,3,27,3,1,94,3,7,3,0.263,0.321,0.366,0.687,0.105,89.8,1.8
,,2B,,,,,,,,,,,,,,,,,,,,,,,,,,,,,,
53,플로리얼,25,1.78,65,1.68,0.1,285,285,258,36,70,18,2,8,116,29,13,3,24,1,2,65,2,0,2,0.271,0.333,0.45,0.783,0.134,111.5,1.78
,,CF,,,,,,,,,,,,,,,,,,,,,,,,,,,,,,
54,안재석,25,1.77,35,1.41,0.37,147,145,135,25,43,16,1,4,73,20,2,1,11,0,1,27,3,1,0,0.319,0.37,0.541,0.911,0.177,149.4,1.77
,,SS,,,,,,,,,,,,,,,,,,,,,,,,,,,,,,
55,김태군,25,1.77,100,1.24,0.53,274,266,236,20,61,10,1,5,88,31,0,0,17,10,1,20,9,8,3,0.258,0.331,0.373,0.704,0.111,92.3,1.77
,,C,,,,,,,,,,,,,,,,,,,,,,,,,,,,,,
56,허경민,25,1.68,114,1.69,-0.01,481,478,420,47,119,18,0,4,149,44,4,1,39,15,1,35,14,3,4,0.283,0.362,0.355,0.717,0.123,99.4,1.68
,,3B,,,,,,,,,,,,,,,,,,,,,,,,,,,,,,
57,강백호,25,1.68,95,1.74,-0.06,369,367,321,41,85,18,1,15,150,61,2,4,44,3,3,64,9,0,1,0.265,0.358,0.467,0.825,0.154,125.9,1.68
,,DH,,,,,,,,,,,,,,,,,,,,,,,,,,,,,,
58,강승호,25,1.55,115,0.65,0.9,400,396,360,51,85,19,3,8,134,37,14,3,24,11,2,113,7,2,3,0.236,0.302,0.372,0.674,0.096,82.3,1.55
,,1B,,,,,,,,,,,,,,,,,,,,,,,,,,,,,,
59,한태양,25,1.52,108,1.68,-0.15,267,264,230,42,63,14,2,2,87,22,3,2,32,2,0,69,3,3,0,0.274,0.367,0.378,0.745,0.139,113.3,1.52
,,2B,,,,,,,,,,,,,,,,,,,,,,,,,,,,,,
60,류지혁,25,1.51,129,1.12,0.39,464,450,400,54,112,14,0,1,129,37,11,6,33,13,0,73,11,14,4,0.28,0.351,0.323,0.674,0.108,84.1,1.51
,,2B,,,,,,,,,,,,,,,,,,,,,,,,,,,,,,
61,최정,25,1.41,95,1.91,-0.5,406,402,340,54,83,12,0,23,164,63,1,0,51,12,6,94,10,0,3,0.244,0.36,0.482,0.842,0.157,126.5,1.41
,,DH,,,,,,,,,,,,,,,,,,,,,,,,,,,,,,
62,전준우,25,1.39,114,1.84,-0.45,472,469,410,50,120,26,1,8,172,70,2,1,44,9,2,71,9,3,6,0.293,0.369,0.42,0.789,0.144,115.1,1.39
,,DH,,,,,,,,,,,,,,,,,,,,,,,,,,,,,,
63,채은성,25,1.37,132,1.95,-0.57,527,520,480,54,138,27,1,19,224,88,1,2,31,13,5,96,4,3,0,0.288,0.347,0.467,0.814,0.143,118.4,1.37
,,1B,,,,,,,,,,,,,,,,,,,,,,,,,,,,,,
64,박승규,25,1.33,64,1.23,0.1,200,199,174,39,50,5,0,6,73,14,5,4,21,4,0,43,2,1,0,0.287,0.377,0.42,0.797,0.152,118.9,1.33
,,CF,,,,,,,,,,,,,,,,,,,,,,,,,,,,,,
65,김도영,25,1.33,30,1.11,0.22,122,121,110,20,34,9,0,7,64,27,3,0,10,0,1,23,3,0,2,0.309,0.361,0.582,0.943,0.181,152.4,1.33
,,3B,,,,,,,,,,,,,,,,,,,,,,,,,,,,,,
66,양도근,25,1.32,116,0.56,0.76,198,187,166,23,43,5,0,0,48,16,5,1,18,2,0,41,3,11,1,0.259,0.337,0.289,0.626,0.095,74.2,1.32
,,2B,,,,,,,,,,,,,,,,,,,,,,,,,,,,,,
67,최정원,25,1.31,91,1.21,0.1,155,151,120,40,33,3,0,0,36,11,30,6,18,12,0,22,0,4,1,0.275,0.417,0.3,0.717,0.145,117.3,1.31
,,CF,,,,,,,,,,,,,,,,,,,,,,,,,,,,,,
68,양석환,25,1.24,72,0.68,0.56,294,293,262,32,65,16,0,8,105,31,1,0,24,5,1,82,6,0,3,0.248,0.32,0.401,0.721,0.115,98.5,1.24
,,1B,,,,,,,,,,,,,,,,,,,,,,,,,,,,,,
69,이성규,25,1.23,68,0.33,0.9,154,153,126,17,25,5,1,6,50,21,2,2,15,10,0,52,3,1,2,0.198,0.327,0.397,0.724,0.124,96.5,1.23
,,RF,,,,,,,,,,,,,,,,,,,,,,,,,,,,,,
70,로하스,25,1.21,95,1.39,-0.17,384,382,331,48,79,20,0,14,141,43,1,1,48,1,3,71,9,0,4,0.239,0.333,0.426,0.759,0.131,107,1.21
,,RF,,,,,,,,,,,,,,,,,,,,,,,,,,,,,,
71,박찬형,25,1.19,48,1.42,-0.23,148,147,129,21,44,8,2,3,65,19,1,1,11,7,1,26,1,0,1,0.341,0.419,0.504,0.923,0.19,152.1,1.19
,,3B,,,,,,,,,,,,,,,,,,,,,,,,,,,,,,
72,김상수,25,1.17,113,1.64,-0.46,423,417,355,42,90,14,0,5,119,47,3,1,52,4,1,57,8,5,7,0.254,0.349,0.335,0.684,0.115,93.3,1.17
,,2B,,,,,,,,,,,,,,,,,,,,,,,,,,,,,,
73,손아섭,25,1.14,111,0.75,0.39,416,410,372,39,107,22,3,1,138,50,0,4,37,1,2,59,3,4,2,0.288,0.352,0.371,0.723,0.122,99.6,1.14
,,DH,,,,,,,,,,,,,,,,,,,,,,,,,,,,,,
74,전민재,25,1.13,101,1.75,-0.62,369,359,331,39,95,15,0,5,125,34,3,3,22,4,0,63,7,10,2,0.287,0.337,0.378,0.715,0.115,90.6,1.13
,,SS,,,,,,,,,,,,,,,,,,,,,,,,,,,,,,
75,임지열,25,1.04,102,0.71,0.33,417,416,369,51,90,14,2,11,141,50,13,6,42,2,0,111,11,1,3,0.244,0.322,0.382,0.704,0.114,102.4,1.04
,,LF,,,,,,,,,,,,,,,,,,,,,,,,,,,,,,
76,홍창기,25,0.99,51,1.09,-0.1,215,213,174,32,50,4,0,1,57,16,3,0,29,6,0,40,4,2,4,0.287,0.399,0.328,0.727,0.141,119.4,0.99
,,RF,,,,,,,,,,,,,,,,,,,,,,,,,,,,,,
77,김지찬,25,0.94,90,1.41,-0.48,373,363,317,59,89,9,2,0,102,23,22,3,38,5,0,44,7,10,3,0.281,0.364,0.322,0.686,0.118,93.1,0.94
,,CF,,,,,,,,,,,,,,,,,,,,,,,,,,,,,,
78,이유찬,25,0.84,89,0.99,-0.15,311,305,269,36,65,8,1,1,78,16,12,2,33,2,0,66,4,6,1,0.242,0.328,0.29,0.618,0.093,79,0.84
,,SS,,,,,,,,,,,,,,,,,,,,,,,,,,,,,,
79,김동혁,25,0.83,93,0.32,0.5,114,110,89,19,20,4,1,0,26,6,13,4,18,3,0,26,3,4,0,0.225,0.373,0.292,0.665,0.126,100.7,0.83
,,CF,,,,,,,,,,,,,,,,,,,,,,,,,,,,,,
80,박지훈,25,0.82,37,1,-0.18,55,54,48,11,20,4,0,1,27,8,1,0,5,1,0,12,1,1,0,0.417,0.481,0.563,1.044,0.239,203.7,0.82
,,3B,,,,,,,,,,,,,,,,,,,,,,,,,,,,,,
81,김인태,25,0.8,106,0.79,0.02,225,225,183,17,39,10,1,3,60,25,0,1,36,5,0,57,2,0,1,0.213,0.356,0.328,0.684,0.126,107.2,0.8
,,LF,,,,,,,,,,,,,,,,,,,,,,,,,,,,,,
82,이호준,25,0.8,99,1.01,-0.21,153,150,132,20,32,7,4,3,56,23,1,0,14,3,0,33,3,3,1,0.242,0.327,0.424,0.751,0.13,105.1,0.8
,,SS,,,,,,,,,,,,,,,,,,,,,,,,,,,,,,
83,심우준,25,0.8,94,0.42,0.38,275,268,247,39,57,9,1,2,74,22,11,1,17,3,0,49,4,7,1,0.231,0.287,0.3,0.587,0.07,58,0.8
,,SS,,,,,,,,,,,,,,,,,,,,,,,,,,,,,,
84,고명준,25,0.79,130,0.07,0.72,500,500,471,46,131,20,1,17,204,64,2,0,20,2,1,99,12,0,7,0.278,0.306,0.433,0.739,0.112,90.8,0.79
,,1B,,,,,,,,,,,,,,,,,,,,,,,,,,,,,,
85,최원영,25,0.77,119,0.15,0.62,115,112,103,37,29,5,0,0,34,2,8,4,4,4,0,20,4,3,1,0.282,0.33,0.33,0.66,0.095,81.9,0.77
,,LF,,,,,,,,,,,,,,,,,,,,,,,,,,,,,,
86,장두성,25,0.71,118,0.2,0.51,284,277,248,51,65,3,3,0,74,25,17,5,24,3,0,64,3,7,2,0.262,0.332,0.298,0.63,0.094,75,0.71
,,CF,,,,,,,,,,,,,,,,,,,,,,,,,,,,,,
87,한준수,25,0.66,103,0.98,-0.32,276,276,244,33,55,12,1,7,90,26,0,0,26,3,1,48,4,0,3,0.225,0.304,0.369,0.673,0.1,85.3,0.66
,,C,,,,,,,,,,,,,,,,,,,,,,,,,,,,,,
88,오윤석,25,0.66,77,0.29,0.37,184,176,156,30,40,8,1,0,50,19,0,0,12,7,0,41,4,8,1,0.256,0.335,0.321,0.656,0.101,82,0.66
,,2B,,,,,,,,,,,,,,,,,,,,,,,,,,,,,,
89,임종성,25,0.65,33,0.27,0.38,89,88,83,7,23,4,0,2,33,11,1,0,3,1,0,26,1,1,1,0.277,0.307,0.398,0.705,0.102,86.8,0.65
,,3B,,,,,,,,,,,,,,,,,,,,,,,,,,,,,,
90,이주헌,25,0.65,76,1.03,-0.39,156,154,128,22,28,3,0,4,43,9,0,0,18,8,0,30,2,2,0,0.219,0.351,0.336,0.687,0.121,104.4,0.65
,,C,,,,,,,,,,,,,,,,,,,,,,,,,,,,,,
91,조형우,25,0.59,102,0.44,0.14,294,293,269,23,64,8,0,4,84,29,0,0,19,3,0,64,5,1,2,0.238,0.294,0.312,0.606,0.076,61.5,0.59
,,C,,,,,,,,,,,,,,,,,,,,,,,,,,,,,,
92,이원석,25,0.58,129,-0.08,0.66,248,241,212,60,43,7,0,4,62,24,22,3,23,4,0,51,4,7,2,0.203,0.29,0.292,0.582,0.074,62.4,0.58
,,RF,,,,,,,,,,,,,,,,,,,,,,,,,,,,,,
93,최주환,25,0.56,120,1.03,-0.47,506,504,459,45,126,31,1,12,195,74,0,0,36,5,2,66,8,0,6,0.275,0.33,0.425,0.755,0.124,111.4,0.56
,,1B,,,,,,,,,,,,,,,,,,,,,,,,,,,,,,
94,전병우,25,0.55,59,0.62,-0.07,97,97,77,11,21,2,0,1,26,13,1,0,19,1,0,27,3,0,0,0.273,0.423,0.338,0.761,0.164,125.9,0.55
,,3B,,,,,,,,,,,,,,,,,,,,,,,,,,,,,,
95,이도윤,25,0.53,113,0.32,0.21,277,266,250,37,65,11,3,1,85,36,1,0,11,3,1,52,5,10,3,0.26,0.296,0.34,0.636,0.08,66.5,0.53
,,2B,,,,,,,,,,,,,,,,,,,,,,,,,,,,,,
96,김규성,25,0.53,133,0.4,0.13,222,217,193,30,45,4,0,3,58,16,5,2,21,2,0,49,1,5,1,0.233,0.313,0.301,0.614,0.087,73.1,0.53
,,2B,,,,,,,,,,,,,,,,,,,,,,,,,,,,,,
97,김한별,25,0.5,76,0.43,0.07,72,70,64,14,20,2,0,0,22,5,1,0,3,3,0,5,2,2,0,0.313,0.371,0.344,0.715,0.121,99.1,0.5
,,2B,,,,,,,,,,,,,,,,,,,,,,,,,,,,,,
98,천성호,25,0.49,83,0.34,0.16,199,195,173,24,41,9,2,1,57,17,3,1,17,5,0,29,2,4,0,0.237,0.323,0.329,0.652,0.101,83.2,0.49
,,2B,,,,,,,,,,,,,,,,,,,,,,,,,,,,,,
99,김태연,25,0.49,120,0.07,0.43,340,334,303,40,79,15,0,3,103,20,5,3,23,8,0,62,10,6,0,0.261,0.329,0.34,0.669,0.103,85.6,0.49
,,1B,,,,,,,,,,,,,,,,,,,,,,,,,,,,,,
100,황재균,25,0.48,112,1.08,-0.61,424,422,385,50,106,19,0,7,146,48,3,1,34,2,1,84,2,1,2,0.275,0.336,0.379,0.715,0.116,95.2,0.48
,,1B,,,,,,,,,,,,,,,,,,,,,,,,,,,,,,
101,스티븐슨,25,0.45,39,0.76,-0.3,168,167,149,26,39,12,0,3,60,14,2,0,14,4,0,43,2,1,0,0.262,0.341,0.403,0.744,0.129,104.5,0.45
,,CF,,,,,,,,,,,,,,,,,,,,,,,,,,,,,,
102,안상현,25,0.45,102,0.71,-0.27,289,280,258,38,68,8,2,6,98,15,17,6,18,2,0,85,2,9,2,0.264,0.314,0.38,0.694,0.105,85,0.45
,,3B,,,,,,,,,,,,,,,,,,,,,,,,,,,,,,
103,박정우,25,0.45,53,0.4,0.04,75,75,62,17,17,2,0,0,19,4,2,1,10,3,0,12,1,0,0,0.274,0.4,0.306,0.706,0.138,117.1,0.45
,,CF,,,,,,,,,,,,,,,,,,,,,,,,,,,,,,
104,황영묵,25,0.42,117,0.86,-0.44,286,283,260,40,71,17,1,1,93,22,1,3,20,2,0,37,4,2,1,0.273,0.329,0.358,0.687,0.106,87.8,0.42
,,2B,,,,,,,,,,,,,,,,,,,,,,,,,,,,,,
105,권동진,25,0.4,123,0.52,-0.11,309,303,271,34,61,12,3,1,82,25,3,1,30,1,0,91,8,6,1,0.225,0.304,0.303,0.607,0.084,68.4,0.4
,,SS,,,,,,,,,,,,,,,,,,,,,,,,,,,,,,
106,김동헌,25,0.4,49,0.21,0.19,91,91,82,8,22,3,0,0,25,8,0,0,7,1,0,23,0,0,1,0.268,0.33,0.305,0.635,0.092,81.8,0.4
,,C,,,,,,,,,,,,,,,,,,,,,,,,,,,,,,
107,윤도현,25,0.38,40,1,-0.62,160,158,149,24,41,7,2,6,70,17,2,1,8,1,0,36,1,2,0,0.275,0.316,0.47,0.786,0.133,112,0.38
,,2B,,,,,,,,,,,,,,,,,,,,,,,,,,,,,,
108,문상철,25,0.38,79,0.08,0.3,209,206,173,22,37,6,1,5,60,20,1,1,25,5,0,44,3,3,3,0.214,0.325,0.347,0.672,0.11,89.7,0.38
,,1B,,,,,,,,,,,,,,,,,,,,,,,,,,,,,,
109,류효승,25,0.37,27,0.43,-0.06,103,103,94,18,27,5,0,6,50,16,0,1,7,2,0,28,1,0,0,0.287,0.35,0.532,0.882,0.167,132.6,0.37
,,DH,,,,,,,,,,,,,,,,,,,,,,,,,,,,,,
110,박병호,25,0.36,77,0.16,0.2,232,232,196,26,39,5,0,15,89,33,0,0,27,7,0,70,5,0,2,0.199,0.315,0.454,0.769,0.134,102.9,0.36
,,DH,,,,,,,,,,,,,,,,,,,,,,,,,,,,,,
111,김건희,25,0.3,105,0.35,-0.05,344,337,322,24,78,20,2,3,111,25,2,1,13,0,0,102,10,7,2,0.242,0.27,0.345,0.615,0.07,63,0.3
,,C,,,,,,,,,,,,,,,,,,,,,,,,,,,,,,
112,김기연,25,0.3,100,0.54,-0.24,245,241,219,19,54,9,0,2,69,24,1,0,19,1,0,44,8,4,2,0.247,0.307,0.315,0.622,0.084,72.6,0.3
,,C,,,,,,,,,,,,,,,,,,,,,,,,,,,,,,
113,도태훈,25,0.28,61,0.09,0.2,98,92,77,9,14,4,1,1,23,8,3,0,7,8,0,16,2,6,0,0.182,0.315,0.299,0.614,0.093,74.9,0.28
,,2B,,,,,,,,,,,,,,,,,,,,,,,,,,,,,,
114,한석현,25,0.26,61,0.02,0.23,138,134,113,18,22,5,0,3,36,21,1,1,12,7,0,27,1,4,2,0.195,0.306,0.319,0.625,0.09,73.3,0.26
,,CF,,,,,,,,,,,,,,,,,,,,,,,,,,,,,,
115,김정호,25,0.26,8,0.19,0.06,11,10,9,3,4,0,0,0,4,0,0,0,0,1,0,4,0,1,0,0.444,0.5,0.444,0.944,0.207,161.4,0.26
,,C,,,,,,,,,,,,,,,,,,,,,,,,,,,,,,
116,홍성호,25,0.23,9,0.28,-0.05,27,27,26,3,9,1,0,2,16,3,0,0,1,0,1,8,0,0,0,0.346,0.37,0.615,0.985,0.183,150.7,0.23
,,1B,,,,,,,,,,,,,,,,,,,,,,,,,,,,,,
117,이재원,25,0.23,98,-0.05,0.27,151,143,125,4,25,2,1,1,32,12,1,1,14,1,0,23,3,8,3,0.2,0.28,0.256,0.536,0.058,48.5,0.23
,,C,,,,,,,,,,,,,,,,,,,,,,,,,,,,,,
118,박재엽,25,0.22,9,0.28,-0.05,16,16,14,2,4,1,0,1,8,3,0,0,2,0,0,5,0,0,0,0.286,0.375,0.571,0.946,0.195,148.3,0.22
,,C,,,,,,,,,,,,,,,,,,,,,,,,,,,,,,
119,이호연,25,0.21,32,0.3,-0.08,75,74,70,8,24,7,0,1,34,8,0,0,3,1,0,14,2,1,0,0.343,0.378,0.486,0.864,0.164,129.9,0.21
,,1B,,,,,,,,,,,,,,,,,,,,,,,,,,,,,,
120,손호영,25,0.2,97,0.24,-0.04,375,364,328,39,82,12,0,4,106,41,7,0,22,10,0,66,9,11,4,0.25,0.313,0.323,0.636,0.088,71.3,0.2
,,3B,,,,,,,,,,,,,,,,,,,,,,,,,,,,,,
121,이형종,25,0.19,33,0.08,0.12,82,80,70,4,14,3,0,2,23,6,1,0,9,1,0,22,3,2,0,0.2,0.3,0.329,0.629,0.092,83.5,0.19
,,LF,,,,,,,,,,,,,,,,,,,,,,,,,,,,,,
122,박주홍,25,0.19,102,0.27,-0.08,283,281,248,33,56,11,3,3,82,23,11,1,30,1,0,72,5,2,2,0.226,0.31,0.331,0.641,0.096,84,0.19
,,RF,,,,,,,,,,,,,,,,,,,,,,,,,,,,,,
123,고종욱,25,0.18,46,-0.03,0.22,123,122,115,13,34,2,0,3,45,16,2,1,5,0,1,17,2,0,3,0.296,0.317,0.391,0.708,0.1,83.9,0.18
,,LF,,,,,,,,,,,,,,,,,,,,,,,,,,,,,,
124,현원회,25,0.17,21,-0.04,0.21,62,62,59,6,18,1,0,1,22,6,0,0,3,0,0,16,3,0,0,0.305,0.339,0.373,0.712,0.112,89.2,0.17
,,DH,,,,,,,,,,,,,,,,,,,,,,,,,,,,,,
125,이승현,25,0.16,4,0.13,0.03,1,1,1,1,1,0,1,0,3,1,0,0,0,0,0,0,0,0,0,1,1,3,4,1.328,1314.7,0.16
,,2B,,,,,,,,,,,,,,,,,,,,,,,,,,,,,,
126,김민성,25,0.15,96,0.75,-0.59,254,252,214,25,52,13,0,3,74,35,0,1,33,4,1,48,7,2,1,0.243,0.353,0.346,0.699,0.122,96,0.15
,,3B,,,,,,,,,,,,,,,,,,,,,,,,,,,,,,
127,황성빈,25,0.14,79,0.41,-0.27,273,270,246,43,63,4,4,1,78,22,25,4,18,4,0,46,3,3,2,0.256,0.315,0.317,0.632,0.089,72.2,0.14
,,CF,,,,,,,,,,,,,,,,,,,,,,,,,,,,,,
128,김민혁,25,0.14,10,0.07,0.06,21,21,17,2,2,0,0,1,5,1,0,0,4,0,0,6,0,0,0,0.118,0.286,0.294,0.58,0.088,73.7,0.14
,,1B,,,,,,,,,,,,,,,,,,,,,,,,,,,,,,
129,주성원,25,0.13,58,0.05,0.09,174,174,156,21,39,6,0,1,48,12,4,0,13,4,0,45,2,0,1,0.25,0.322,0.308,0.63,0.091,81.3,0.13
,,RF,,,,,,,,,,,,,,,,,,,,,,,,,,,,,,
130,신범수,25,0.11,29,0.05,0.06,39,39,33,1,6,1,0,1,10,3,0,0,5,1,0,7,0,0,0,0.182,0.308,0.303,0.611,0.092,74.9,0.11
,,C,,,,,,,,,,,,,,,,,,,,,,,,,,,,,,
131,장규현,25,0.11,2,0.11,0.01,2,2,1,1,1,0,0,0,1,0,0,0,1,0,0,0,0,0,0,1,1,1,2,0.582,478.3,0.11
,,C,,,,,,,,,,,,,,,,,,,,,,,,,,,,,,
132,이주형,25,0.11,11,0.12,-0.01,17,17,16,2,5,0,0,0,5,2,0,0,1,0,0,7,0,0,0,0.313,0.353,0.313,0.666,0.102,91.3,0.11
,,DH,,,,,,,,,,,,,,,,,,,,,,,,,,,,,,
133,채현우,25,0.11,41,-0.14,0.25,52,52,48,8,9,1,1,1,15,9,2,0,3,0,0,13,1,0,1,0.188,0.231,0.313,0.544,0.045,37.4,0.11
,,LF,,,,,,,,,,,,,,,,,,,,,,,,,,,,,,
134,김태윤,25,0.11,8,0.08,0.03,4,4,2,0,1,0,0,0,1,0,1,1,2,0,0,0,0,0,0,0.5,0.75,0.5,1.25,0.387,352,0.11
,,3B,,,,,,,,,,,,,,,,,,,,,,,,,,,,,,
135,문정빈,25,0.11,21,-0.05,0.16,33,33,30,5,5,0,0,2,11,4,0,0,1,2,0,11,0,0,0,0.167,0.242,0.367,0.609,0.067,57.2,0.11
,,3B,,,,,,,,,,,,,,,,,,,,,,,,,,,,,,
136,박민석,25,0.1,19,0.08,0.02,21,21,19,5,5,1,1,0,8,1,0,1,2,0,0,4,0,0,0,0.263,0.333,0.421,0.754,0.134,114.3,0.1
,,SS,,,,,,,,,,,,,,,,,,,,,,,,,,,,,,
137,함창건,25,0.1,15,-0.21,0.3,36,36,32,2,6,2,0,0,8,2,0,0,3,0,0,9,1,0,1,0.188,0.25,0.25,0.5,0.038,33,0.1
,,LF,,,,,,,,,,,,,,,,,,,,,,,,,,,,,,
138,김준태,25,0.1,2,0.1,0,2,2,1,1,1,0,0,0,1,0,0,0,1,0,0,0,0,0,0,1,1,1,2,0.582,486.7,0.1
,,DH,,,,,,,,,,,,,,,,,,,,,,,,,,,,,,
139,주효상,25,0.09,8,0.21,-0.12,17,17,15,1,5,2,0,0,7,1,0,0,2,0,0,4,0,0,0,0.333,0.412,0.467,0.879,0.182,157.2,0.09
,,C,,,,,,,,,,,,,,,,,,,,,,,,,,,,,,
140,안치영,25,0.09,47,0.06,0.03,56,52,44,9,10,1,0,1,14,6,0,2,4,3,0,13,1,4,1,0.227,0.327,0.318,0.645,0.098,78.7,0.09
,,LF,,,,,,,,,,,,,,,,,,,,,,,,,,,,,,
141,한승택,25,0.08,15,0.02,0.06,23,23,21,3,5,1,0,0,6,0,0,0,1,1,0,7,1,0,0,0.238,0.304,0.286,0.59,0.073,63,0.08
,,C,,,,,,,,,,,,,,,,,,,,,,,,,,,,,,
142,이율예,25,0.08,8,0.13,-0.05,13,13,13,3,3,0,0,3,12,7,0,0,0,0,0,6,0,0,0,0.231,0.231,0.923,1.154,0.229,185,0.08
,,C,,,,,,,,,,,,,,,,,,,,,,,,,,,,,,
143,정현창,25,0.08,16,-0.01,0.09,21,21,19,4,5,0,0,0,5,0,0,1,2,0,0,5,0,0,0,0.263,0.333,0.263,0.596,0.085,73,0.08
,,SS,,,,,,,,,,,,,,,,,,,,,,,,,,,,,,
144,박준영,25,0.07,41,0.37,-0.31,126,125,111,9,25,8,0,1,36,10,3,0,10,3,0,32,1,1,1,0.225,0.304,0.324,0.628,0.088,74.8,0.07
,,SS,,,,,,,,,,,,,,,,,,,,,,,,,,,,,,
145,오선진,25,0.06,99,0.19,-0.13,163,159,143,15,34,8,0,1,45,19,0,0,12,3,0,45,2,4,1,0.238,0.308,0.315,0.623,0.086,77.4,0.06
,,SS,,,,,,,,,,,,,,,,,,,,,,,,,,,,,,
146,천재환,25,0.06,129,0.14,-0.08,294,288,261,47,62,10,3,6,96,31,15,5,17,5,0,58,3,6,5,0.238,0.292,0.368,0.66,0.09,74,0.06
,,CF,,,,,,,,,,,,,,,,,,,,,,,,,,,,,,
147,김도환,25,0.06,6,0.01,0.05,14,14,14,3,4,1,0,0,5,1,0,0,0,0,0,4,0,0,0,0.286,0.286,0.357,0.643,0.076,54.6,0.06
,,C,,,,,,,,,,,,,,,,,,,,,,,,,,,,,,
148,최인호,25,0.05,78,0.15,-0.1,159,158,139,7,36,9,0,2,51,19,1,0,13,5,0,29,5,1,1,0.259,0.342,0.367,0.709,0.118,96.9,0.05
,,DH,,,,,,,,,,,,,,,,,,,,,,,,,,,,,,
149,오영수,25,0.05,67,0.09,-0.04,179,179,155,14,36,5,0,3,50,23,3,2,22,2,0,47,0,0,0,0.232,0.335,0.323,0.658,0.108,87.4,0.05
,,DH,,,,,,,,,,,,,,,,,,,,,,,,,,,,,,
150,박건우,25,0.05,6,0.11,-0.07,3,3,3,1,2,0,0,0,2,1,0,0,0,0,0,1,0,0,0,0.667,0.667,0.667,1.334,0.35,267.6,0.05
,,C,,,,,,,,,,,,,,,,,,,,,,,,,,,,,,
151,박관우,25,0.04,39,0.18,-0.14,58,58,53,12,14,2,0,2,22,13,0,0,3,1,0,11,1,0,1,0.264,0.31,0.415,0.725,0.111,94.9,0.04
,,LF,,,,,,,,,,,,,,,,,,,,,,,,,,,,,,
152,장준원,25,0.03,73,-0.64,0.67,154,149,140,10,29,3,0,1,35,11,0,0,8,0,0,27,5,5,1,0.207,0.248,0.25,0.498,0.034,27.5,0.03
,,SS,,,,,,,,,,,,,,,,,,,,,,,,,,,,,,
153,여동건,25,0.03,19,-0.26,0.3,21,21,19,6,2,0,0,0,2,2,0,1,2,0,0,2,1,0,0,0.105,0.19,0.105,0.295,-0.027,-23.9,0.03
,,2B,,,,,,,,,,,,,,,,,,,,,,,,,,,,,,
154,송찬의,25,0.03,66,-0.06,0.1,166,165,147,18,31,9,1,3,51,20,2,2,9,8,0,49,4,1,1,0.211,0.291,0.347,0.638,0.087,74.1,0.03
,,RF,,,,,,,,,,,,,,,,,,,,,,,,,,,,,,
155,김현종,25,0.03,10,0.1,-0.07,6,6,5,3,2,1,0,0,3,0,0,0,1,0,0,1,1,0,0,0.4,0.5,0.6,1.1,0.264,231.7,0.03
,,LF,,,,,,,,,,,,,,,,,,,,,,,,,,,,,,
156,오선우,25,0.03,124,0.95,-0.92,474,474,437,58,116,17,1,18,189,56,0,2,34,3,2,158,11,0,0,0.265,0.323,0.432,0.755,0.124,105,0.03
,,1B,,,,,,,,,,,,,,,,,,,,,,,,,,,,,,
157,박영빈,25,0.03,16,0.05,-0.03,5,5,4,8,1,0,0,0,1,1,4,2,1,0,0,2,0,0,0,0.25,0.4,0.25,0.65,0.131,100.9,0.03
,,CF,,,,,,,,,,,,,,,,,,,,,,,,,,,,,,
158,최항,25,0.02,8,-0.02,0.04,7,7,6,1,1,0,0,0,1,1,0,0,1,0,0,4,0,0,0,0.167,0.286,0.167,0.453,0.045,35,0.02
,,1B,,,,,,,,,,,,,,,,,,,,,,,,,,,,,,
159,유영찬,25,0.02,11,0.02,0,2,2,1,0,0,0,0,0,0,0,0,0,1,0,0,0,0,0,0,0,0.5,0,0.5,0.193,161.5,0.02
,,P,,,,,,,,,,,,,,,,,,,,,,,,,,,,,,
160,최정용,25,0.02,4,-0.09,0.11,6,6,6,0,1,0,0,0,1,0,0,0,0,0,0,2,1,0,0,0.167,0.167,0.167,0.334,-0.04,-34,0.02
,,2B,,,,,,,,,,,,,,,,,,,,,,,,,,,,,,
161,정보근,25,0.02,93,0.02,0,152,147,129,4,24,4,1,1,33,15,0,0,18,1,1,39,4,4,0,0.186,0.291,0.256,0.547,0.066,52.8,0.02
,,C,,,,,,,,,,,,,,,,,,,,,,,,,,,,,,
162,정현승,25,0.01,3,0.08,-0.06,2,2,2,0,1,1,0,0,2,0,0,0,0,0,0,0,0,0,0,0.5,0.5,1,1.5,0.38,376,0.01
,,RF,,,,,,,,,,,,,,,,,,,,,,,,,,,,,,
163,김주성,25,0.01,16,0,0.01,17,17,15,3,3,0,0,1,6,1,0,2,1,1,0,2,0,0,0,0.2,0.294,0.4,0.694,0.105,87,0.01
,,1B,,,,,,,,,,,,,,,,,,,,,,,,,,,,,,
164,김민수,25,-0.01,13,-0.11,0.11,13,13,11,0,2,0,0,0,2,1,1,0,1,0,0,6,0,0,1,0.182,0.231,0.182,0.413,0.006,4.6,-0.01
,,1B,,,,,,,,,,,,,,,,,,,,,,,,,,,,,,
165,서건창,25,-0.01,10,-0.1,0.09,26,24,22,1,3,1,0,1,7,2,1,0,2,0,0,5,1,2,0,0.136,0.208,0.318,0.526,0.041,34.6,-0.01
,,2B,,,,,,,,,,,,,,,,,,,,,,,,,,,,,,
166,장진혁,25,-0.01,86,-0.16,0.15,157,153,139,19,29,3,1,4,46,19,1,0,13,0,0,46,1,4,1,0.209,0.275,0.331,0.606,0.075,60.9,-0.01
,,LF,,,,,,,,,,,,,,,,,,,,,,,,,,,,,,
167,강승구,25,-0.01,1,-0.02,0.01,1,1,1,0,0,0,0,0,0,0,0,0,0,0,0,0,0,0,0,0,0,0,0,-0.17,-129.6,-0.01
,,C,,,,,,,,,,,,,,,,,,,,,,,,,,,,,,
168,김태근,25,-0.02,11,0.08,-0.1,14,14,12,2,4,0,0,0,4,0,0,0,2,0,0,4,0,0,0,0.333,0.429,0.333,0.762,0.156,123.2,-0.02
,,LF,,,,,,,,,,,,,,,,,,,,,,,,,,,,,,
169,박진우,25,-0.02,1,-0.02,0,1,1,1,0,0,0,0,0,0,0,0,0,0,0,0,0,0,0,0,0,0,0,0,-0.17,-139.5,-0.02
,,C,,,,,,,,,,,,,,,,,,,,,,,,,,,,,,
170,이태경,25,-0.02,2,-0.02,0,1,1,1,0,0,0,0,0,0,0,0,0,0,0,0,1,0,0,0,0,0,0,0,-0.17,-129.6,-0.02
,,2B,,,,,,,,,,,,,,,,,,,,,,,,,,,,,,
171,김기훈,25,-0.02,2,-0.02,0,1,1,1,0,0,0,0,0,0,0,0,0,0,0,0,1,0,0,0,0,0,0,0,-0.17,-133.6,-0.02
,,P,,,,,,,,,,,,,,,,,,,,,,,,,,,,,,
172,차승준,25,-0.02,1,-0.02,0,1,1,1,0,0,0,0,0,0,0,0,0,0,0,0,0,0,0,0,0,0,0,0,-0.17,-147.8,-0.02
,,3B,,,,,,,,,,,,,,,,,,,,,,,,,,,,,,
172,김범준,25,-0.02,1,-0.02,0,1,1,1,0,0,0,0,0,0,0,0,0,0,0,0,1,0,0,0,0,0,0,0,-0.17,-139.5,-0.02
,,LF,,,,,,,,,,,,,,,,,,,,,,,,,,,,,,
172,김성재,25,-0.02,1,-0.02,0,1,1,1,0,0,0,0,0,0,0,0,0,0,0,0,0,0,0,0,0,0,0,0,-0.17,-133.6,-0.02
,,C,,,,,,,,,,,,,,,,,,,,,,,,,,,,,,
175,원성준,25,-0.03,24,0.01,-0.03,53,53,46,5,8,1,0,2,15,4,0,0,7,0,0,18,1,0,0,0.174,0.283,0.326,0.609,0.085,78.7,-0.03
,,LF,,,,,,,,,,,,,,,,,,,,,,,,,,,,,,
176,임근우,25,-0.03,3,-0.13,0.1,5,5,5,0,0,0,0,0,0,0,0,0,0,0,0,1,0,0,0,0,0,0,0,-0.17,-139,-0.03
,,RF,,,,,,,,,,,,,,,,,,,,,,,,,,,,,,
177,한재환,25,-0.03,16,-0.16,0.13,31,31,27,2,5,0,0,0,5,4,0,0,2,2,0,14,0,0,0,0.185,0.29,0.185,0.475,0.045,36.6,-0.03
,,DH,,,,,,,,,,,,,,,,,,,,,,,,,,,,,,
178,배정대,25,-0.03,99,-0.57,0.54,276,269,240,25,49,11,2,2,70,28,6,3,19,7,0,65,4,7,3,0.204,0.279,0.292,0.571,0.066,52.8,-0.03
,,CF,,,,,,,,,,,,,,,,,,,,,,,,,,,,,,
179,김병준,25,-0.04,9,-0.05,0.01,5,5,5,2,1,0,0,0,1,0,0,0,0,0,0,2,0,0,0,0.2,0.2,0.2,0.4,-0.014,-10.9,-0.04
,,LF,,,,,,,,,,,,,,,,,,,,,,,,,,,,,,
180,김병휘,25,-0.04,7,0.11,-0.15,6,6,4,2,1,0,0,0,1,0,0,0,2,0,0,1,0,0,0,0.25,0.5,0.25,0.75,0.202,185.8,-0.04
,,2B,,,,,,,,,,,,,,,,,,,,,,,,,,,,,,
181,오태양,25,-0.04,14,0.07,-0.11,13,13,12,6,3,0,0,0,3,1,2,1,1,0,0,3,0,0,0,0.25,0.308,0.25,0.558,0.066,51.8,-0.04
,,CF,,,,,,,,,,,,,,,,,,,,,,,,,,,,,,
182,김성우,25,-0.04,7,-0.04,-0.01,5,5,5,0,1,0,0,0,1,1,0,0,0,0,0,1,0,0,0,0.2,0.2,0.2,0.4,-0.014,-12.7,-0.04
,,C,,,,,,,,,,,,,,,,,,,,,,,,,,,,,,
183,박정현,25,-0.05,2,-0.05,0,2,2,2,0,0,0,0,0,0,0,0,0,0,0,0,1,0,0,0,0,0,0,0,-0.17,-136.1,-0.05
,,DH,,,,,,,,,,,,,,,,,,,,,,,,,,,,,,
184,강현구,25,-0.05,1,-0.05,0,2,2,2,0,0,0,0,0,0,0,0,0,0,0,0,1,0,0,0,0,0,0,0,-0.17,-151,-0.05
,,DH,,,,,,,,,,,,,,,,,,,,,,,,,,,,,,
185,박한결,25,-0.05,8,0.02,-0.07,19,19,17,2,2,0,0,2,8,3,0,0,2,0,0,8,0,0,0,0.118,0.211,0.471,0.682,0.089,72,-0.05
,,LF,,,,,,,,,,,,,,,,,,,,,,,,,,,,,,
186,김성현,25,-0.05,59,0.09,-0.15,137,133,115,15,25,3,0,1,31,11,1,1,16,1,0,20,4,4,1,0.217,0.316,0.27,0.586,0.083,66.2,-0.05
,,3B,,,,,,,,,,,,,,,,,,,,,,,,,,,,,,
187,박준순,25,-0.05,91,0.51,-0.56,298,295,282,34,80,11,2,4,107,19,10,2,10,1,1,56,6,2,3,0.284,0.307,0.379,0.686,0.096,82.2,-0.05
,,3B,,,,,,,,,,,,,,,,,,,,,,,,,,,,,,
188,이지영,25,-0.06,76,0.07,-0.13,216,212,197,13,47,6,1,3,64,18,2,1,11,2,0,22,8,4,2,0.239,0.283,0.325,0.608,0.073,58.6,-0.06
,,C,,,,,,,,,,,,,,,,,,,,,,,,,,,,,,
189,조수행,25,-0.06,108,-0.01,-0.05,140,133,119,30,29,4,0,0,33,9,30,7,14,0,0,29,1,7,0,0.244,0.323,0.277,0.6,0.086,74,-0.06
,,LF,,,,,,,,,,,,,,,,,,,,,,,,,,,,,,
190,홍현빈,25,-0.06,32,-0.23,0.17,38,36,32,8,4,2,0,0,6,0,0,0,3,1,0,8,0,2,0,0.125,0.222,0.188,0.41,0.013,10.1,-0.06
,,CF,,,,,,,,,,,,,,,,,,,,,,,,,,,,,,
191,이승민,25,-0.06,2,-0.06,0,5,5,5,0,1,0,0,0,1,0,0,0,0,0,0,2,0,0,0,0.2,0.2,0.2,0.4,-0.014,-11.4,-0.06
,,DH,,,,,,,,,,,,,,,,,,,,,,,,,,,,,,
192,박계범,25,-0.07,94,0.46,-0.53,198,191,175,23,46,9,2,1,62,27,3,1,14,1,0,45,4,7,1,0.263,0.319,0.354,0.673,0.102,88.1,-0.07
,,2B,,,,,,,,,,,,,,,,,,,,,,,,,,,,,,
193,함수호,25,-0.07,6,-0.14,0.07,14,14,14,1,3,0,0,0,3,1,0,0,0,0,0,6,0,0,0,0.214,0.214,0.214,0.428,-0.003,-2.2,-0.07
,,LF,,,,,,,,,,,,,,,,,,,,,,,,,,,,,,
194,이창용,25,-0.07,11,0.09,-0.16,17,17,15,2,3,1,0,1,7,2,1,0,2,0,0,8,0,0,0,0.2,0.294,0.467,0.761,0.128,97.9,-0.07
,,DH,,,,,,,,,,,,,,,,,,,,,,,,,,,,,,
195,이정범,25,-0.07,3,-0.07,0,3,3,3,0,0,0,0,0,0,0,0,0,0,0,0,2,0,0,0,0,0,0,0,-0.17,-133.5,-0.07
,,1B,,,,,,,,,,,,,,,,,,,,,,,,,,,,,,
196,나승엽,25,-0.07,105,0.66,-0.73,392,388,328,40,75,12,2,9,118,44,0,0,55,5,2,65,10,3,1,0.229,0.347,0.36,0.707,0.125,99.8,-0.07
,,1B,,,,,,,,,,,,,,,,,,,,,,,,,,,,,,
197,장승현,25,-0.07,4,-0.06,-0.01,2,2,2,0,0,0,0,0,0,0,0,0,0,0,0,0,1,0,0,0,0,0,0,-0.17,-132.8,-0.07
,,C,,,,,,,,,,,,,,,,,,,,,,,,,,,,,,
198,김석환,25,-0.08,47,0.31,-0.39,134,134,117,14,31,1,2,2,42,16,0,0,14,2,0,55,0,0,1,0.265,0.351,0.359,0.71,0.123,103.8,-0.08
,,LF,,,,,,,,,,,,,,,,,,,,,,,,,,,,,,
199,김건형,25,-0.08,2,-0.02,-0.06,1,1,1,0,0,0,0,0,0,0,0,0,0,0,0,0,0,0,0,0,0,0,0,-0.17,-132.8,-0.08
,,LF,,,,,,,,,,,,,,,,,,,,,,,,,,,,,,
200,이정훈,25,-0.08,59,0.32,-0.4,148,148,132,20,34,4,0,4,50,14,0,1,13,3,0,48,4,0,0,0.258,0.338,0.379,0.717,0.12,96.3,-0.08
,,LF,,,,,,,,,,,,,,,,,,,,,,,,,,,,,,
201,이재상,25,-0.09,2,0.04,-0.13,2,2,2,0,1,0,0,0,1,0,0,0,0,0,0,1,0,0,0,0.5,0.5,0.5,1,0.22,156.2,-0.09
,,SS,,,,,,,,,,,,,,,,,,,,,,,,,,,,,,
202,이원석,25,-0.09,5,-0.09,0,8,8,7,1,1,0,0,0,1,0,0,0,1,0,0,2,1,0,0,0.143,0.25,0.143,0.393,0.018,16.4,-0.09
,,DH,,,,,,,,,,,,,,,,,,,,,,,,,,,,,,
203,박성재,25,-0.09,6,-0.17,0.08,7,7,7,0,0,0,0,0,0,0,0,0,0,0,0,5,0,0,0,0,0,0,0,-0.17,-143.3,-0.09
,,1B,,,,,,,,,,,,,,,,,,,,,,,,,,,,,,
204,이창진,25,-0.1,37,-0.37,0.27,113,112,93,11,15,3,0,1,21,9,0,2,16,2,0,22,2,1,1,0.161,0.295,0.226,0.521,0.067,56.9,-0.1
,,LF,,,,,,,,,,,,,,,,,,,,,,,,,,,,,,
205,염승원,25,-0.1,11,-0.14,0.03,21,21,19,2,4,0,0,0,4,1,0,0,1,0,0,6,0,0,1,0.211,0.238,0.211,0.449,0.013,11.9,-0.1
,,2B,,,,,,,,,,,,,,,,,,,,,,,,,,,,,,
206,이병헌,25,-0.1,55,-0.14,0.04,59,59,55,5,11,3,0,1,17,7,0,0,3,1,0,13,1,0,0,0.2,0.254,0.309,0.563,0.056,43.2,-0.1
,,C,,,,,,,,,,,,,,,,,,,,,,,,,,,,,,
207,변우혁,25,-0.11,47,-0.49,0.39,153,153,142,11,31,7,0,0,38,17,0,0,10,1,0,47,3,0,0,0.218,0.275,0.268,0.543,0.054,45.8,-0.11
,,3B,,,,,,,,,,,,,,,,,,,,,,,,,,,,,,
208,허인서,25,-0.11,20,-0.23,0.12,30,30,29,2,5,1,0,0,6,2,0,0,0,1,0,12,1,0,0,0.172,0.2,0.207,0.407,-0.007,-6.1,-0.11
,,C,,,,,,,,,,,,,,,,,,,,,,,,,,,,,,
209,강현우,25,-0.11,40,0.05,-0.16,78,75,64,5,12,1,0,1,16,8,0,0,10,0,0,14,1,3,1,0.188,0.293,0.25,0.543,0.068,55.5,-0.11
,,C,,,,,,,,,,,,,,,,,,,,,,,,,,,,,,
210,조세진,25,-0.11,12,-0.01,-0.1,9,9,7,1,1,0,0,0,1,0,0,0,2,0,0,4,0,0,0,0.143,0.333,0.143,0.476,0.078,59,-0.11
,,CF,,,,,,,,,,,,,,,,,,,,,,,,,,,,,,
211,이선우,25,-0.12,10,-0.08,-0.04,11,11,11,0,2,1,0,0,3,0,0,0,0,0,0,2,0,0,0,0.182,0.182,0.273,0.455,0.001,0.9,-0.12
,,2B,,,,,,,,,,,,,,,,,,,,,,,,,,,,,,
212,박민준,25,-0.12,7,-0.04,-0.08,2,2,2,0,0,0,0,0,0,0,0,0,0,0,0,1,0,0,0,0,0,0,0,-0.17,-142.3,-0.12
,,C,,,,,,,,,,,,,,,,,,,,,,,,,,,,,,
213,이민재,25,-0.12,3,-0.11,0,4,4,4,0,0,0,0,0,0,0,0,0,0,0,0,1,1,0,0,0,0,0,0,-0.17,-137.9,-0.12
,,RF,,,,,,,,,,,,,,,,,,,,,,,,,,,,,,
214,유준규,25,-0.12,35,-0.03,-0.09,41,41,34,13,4,2,0,0,6,3,2,1,7,0,0,13,0,0,0,0.118,0.268,0.176,0.444,0.046,38.7,-0.12
,,LF,,,,,,,,,,,,,,,,,,,,,,,,,,,,,,
215,박수종,25,-0.12,38,-0.28,0.16,45,45,42,6,6,0,0,1,9,2,1,0,3,0,0,12,0,0,0,0.143,0.2,0.214,0.414,0.004,3.3,-0.12
,,CF,,,,,,,,,,,,,,,,,,,,,,,,,,,,,,
216,이승원,25,-0.12,1,-0.04,-0.08,2,2,2,0,0,0,0,0,0,0,0,0,0,0,0,0,0,0,0,0,0,0,0,-0.17,-151,-0.12
,,3B,,,,,,,,,,,,,,,,,,,,,,,,,,,,,,
217,최성민,25,-0.13,32,-0.29,0.16,21,20,19,3,2,0,0,0,2,2,1,0,1,0,0,5,0,1,0,0.105,0.15,0.105,0.255,-0.056,-45.5,-0.13
,,RF,,,,,,,,,,,,,,,,,,,,,,,,,,,,,,
218,변상권,25,-0.13,12,-0.12,-0.01,20,20,19,2,5,2,0,0,7,4,0,0,0,0,0,2,0,0,1,0.263,0.25,0.368,0.618,0.057,51.8,-0.13
,,LF,,,,,,,,,,,,,,,,,,,,,,,,,,,,,,
219,손용준,25,-0.13,9,-0.11,-0.02,16,16,15,3,3,0,0,0,3,1,1,0,0,1,0,5,2,0,0,0.2,0.25,0.2,0.45,0.017,15.6,-0.13
,,DH,,,,,,,,,,,,,,,,,,,,,,,,,,,,,,
220,최상민,25,-0.14,23,-0.02,-0.12,9,9,7,5,1,0,0,0,1,1,1,1,1,1,0,5,0,0,0,0.143,0.333,0.143,0.476,0.07,57.5,-0.14
,,RF,,,,,,,,,,,,,,,,,,,,,,,,,,,,,,
221,김동엽,25,-0.14,9,-0.14,0,29,29,27,2,6,2,0,0,8,2,0,0,2,0,0,11,1,0,0,0.222,0.276,0.296,0.572,0.063,57.9,-0.14
,,DH,,,,,,,,,,,,,,,,,,,,,,,,,,,,,,
222,임종찬,25,-0.14,17,-0.12,-0.02,35,35,30,2,5,1,0,1,9,2,2,0,5,0,0,13,0,0,0,0.167,0.286,0.3,0.586,0.081,66,-0.14
,,RF,,,,,,,,,,,,,,,,,,,,,,,,,,,,,,
223,김준상,25,-0.14,9,-0.03,-0.11,17,16,15,1,3,1,0,0,4,0,0,0,0,1,0,8,0,1,0,0.2,0.25,0.267,0.517,0.037,32.9,-0.14
,,2B,,,,,,,,,,,,,,,,,,,,,,,,,,,,,,
224,이영빈,25,-0.14,44,-0.06,-0.08,75,74,72,12,15,1,1,3,27,9,1,0,1,0,0,35,1,1,1,0.208,0.216,0.375,0.591,0.051,42.3,-0.14
,,2B,,,,,,,,,,,,,,,,,,,,,,,,,,,,,,
225,양우현,25,-0.15,14,-0.13,-0.01,16,16,16,3,3,1,0,0,4,4,0,0,0,0,0,2,0,0,0,0.188,0.188,0.25,0.438,-0.004,-2.8,-0.15
,,2B,,,,,,,,,,,,,,,,,,,,,,,,,,,,,,
226,박민,25,-0.15,71,-0.21,0.06,105,102,94,11,19,5,0,1,27,6,1,0,5,3,0,33,1,3,0,0.202,0.265,0.287,0.552,0.055,47,-0.15
,,3B,,,,,,,,,,,,,,,,,,,,,,,,,,,,,,
227,심재훈,25,-0.15,31,-0.16,0.01,43,42,38,8,7,0,0,0,7,2,3,1,4,0,0,13,0,1,0,0.184,0.262,0.184,0.446,0.029,22.7,-0.15
,,2B,,,,,,,,,,,,,,,,,,,,,,,,,,,,,,
228,김민혁,25,-0.15,106,0.26,-0.42,417,412,380,52,109,12,2,0,125,35,11,3,25,7,1,41,12,4,1,0.287,0.341,0.329,0.67,0.102,84.2,-0.15
,,LF,,,,,,,,,,,,,,,,,,,,,,,,,,,,,,
229,황대인,25,-0.16,18,-0.35,0.19,57,57,53,3,10,3,0,1,16,8,0,0,3,0,0,14,0,0,1,0.189,0.228,0.302,0.53,0.039,32.6,-0.16
,,1B,,,,,,,,,,,,,,,,,,,,,,,,,,,,,,
230,노진혁,25,-0.16,28,0.23,-0.39,69,69,63,11,17,1,2,1,25,5,0,0,5,1,0,20,0,0,0,0.27,0.333,0.397,0.73,0.123,98.6,-0.16
,,DH,,,,,,,,,,,,,,,,,,,,,,,,,,,,,,
231,강진성,25,-0.16,6,-0.1,-0.06,13,13,11,1,2,0,0,0,2,1,0,0,2,0,0,1,2,0,0,0.182,0.308,0.182,0.49,0.062,60.5,-0.16
,,1B,,,,,,,,,,,,,,,,,,,,,,,,,,,,,,
232,김수윤,25,-0.16,7,-0.16,-0.01,12,12,11,0,1,0,0,0,1,0,0,0,0,1,0,4,0,0,0,0.091,0.167,0.091,0.258,-0.05,-43.2,-0.16
,,3B,,,,,,,,,,,,,,,,,,,,,,,,,,,,,,
233,맥브룸,25,-0.17,22,-0.26,0.1,80,78,74,8,15,3,0,4,30,11,0,0,5,1,2,28,2,0,0,0.203,0.263,0.405,0.668,0.078,62.8,-0.17
,,RF,,,,,,,,,,,,,,,,,,,,,,,,,,,,,,
234,서유신,25,-0.18,6,-0.13,-0.05,8,8,7,0,0,0,0,0,0,0,0,0,1,0,0,4,0,0,0,0,0.125,0,0.125,-0.079,-78.4,-0.18
,,2B,,,,,,,,,,,,,,,,,,,,,,,,,,,,,,
235,윤준혁,25,-0.18,28,-0.32,0.14,18,17,17,4,1,1,0,0,2,0,1,0,0,0,0,5,0,1,0,0.059,0.059,0.118,0.177,-0.105,-83.3,-0.18
,,1B,,,,,,,,,,,,,,,,,,,,,,,,,,,,,,
236,안인산,25,-0.18,4,-0.18,0,7,7,6,0,0,0,0,0,0,1,0,0,0,0,0,3,0,0,1,0,0,0,0,-0.17,-133.2,-0.18
,,DH,,,,,,,,,,,,,,,,,,,,,,,,,,,,,,
237,고승완,25,-0.18,17,-0.06,-0.12,11,11,10,5,2,0,0,0,2,0,2,1,1,0,0,5,0,0,0,0.2,0.273,0.2,0.473,0.038,31.7,-0.18
,,DH,,,,,,,,,,,,,,,,,,,,,,,,,,,,,,
238,석정우,25,-0.18,27,0.29,-0.47,54,54,49,3,13,1,0,2,20,4,0,0,4,1,0,18,1,0,0,0.265,0.333,0.408,0.741,0.125,100,-0.18
,,3B,,,,,,,,,,,,,,,,,,,,,,,,,,,,,,
239,한승현,25,-0.18,19,-0.34,0.16,19,19,17,1,1,0,0,0,1,1,1,1,1,0,0,6,0,0,1,0.059,0.105,0.059,0.164,-0.091,-71.1,-0.18
,,RF,,,,,,,,,,,,,,,,,,,,,,,,,,,,,,
240,박헌,25,-0.2,8,-0.14,-0.06,14,14,12,0,1,0,0,0,1,0,0,0,1,1,0,3,0,0,0,0.083,0.214,0.083,0.297,-0.016,-14,-0.2
,,RF,,,,,,,,,,,,,,,,,,,,,,,,,,,,,,
241,손성빈,25,-0.2,51,-0.42,0.22,69,67,62,6,9,0,0,1,12,3,0,0,4,1,0,20,1,2,0,0.145,0.209,0.194,0.403,0.002,1.7,-0.2
,,C,,,,,,,,,,,,,,,,,,,,,,,,,,,,,,
242,신윤후,25,-0.21,12,-0.19,-0.02,13,12,12,1,2,0,0,0,2,0,1,0,0,0,0,3,0,1,0,0.167,0.167,0.167,0.334,-0.04,-31,-0.21
,,CF,,,,,,,,,,,,,,,,,,,,,,,,,,,,,,
243,천현재,25,-0.21,3,-0.2,-0.02,3,3,3,0,0,0,0,0,0,0,0,0,0,0,0,0,1,0,0,0,0,0,0,-0.17,-151,-0.21
,,CF,,,,,,,,,,,,,,,,,,,,,,,,,,,,,,
244,이용규,25,-0.22,14,-0.11,-0.11,41,40,37,7,8,1,0,0,9,0,1,0,3,0,0,8,1,1,0,0.216,0.275,0.243,0.518,0.048,43.8,-0.22
,,CF,,,,,,,,,,,,,,,,,,,,,,,,,,,,,,
245,전태현,25,-0.23,77,-0.13,-0.1,207,204,182,20,42,5,0,0,47,10,4,0,20,0,0,59,2,3,2,0.231,0.304,0.258,0.562,0.07,61.9,-0.23
,,2B,,,,,,,,,,,,,,,,,,,,,,,,,,,,,,
246,카디네스,25,-0.23,86,0.37,-0.6,361,360,320,33,81,15,1,7,119,42,1,2,32,6,2,67,7,0,3,0.253,0.33,0.372,0.702,0.111,99.7,-0.23
,,DH,,,,,,,,,,,,,,,,,,,,,,,,,,,,,,
247,홍대인,25,-0.24,14,-0.08,-0.16,5,5,5,3,1,0,0,0,1,0,1,1,0,0,0,2,0,0,0,0.2,0.2,0.2,0.4,-0.014,-11.7,-0.24
,,DH,,,,,,,,,,,,,,,,,,,,,,,,,,,,,,
248,송승환,25,-0.24,13,-0.12,-0.12,15,15,15,0,3,1,0,0,4,2,0,0,0,0,0,6,0,0,0,0.2,0.2,0.267,0.467,0.007,5.9,-0.24
,,DH,,,,,,,,,,,,,,,,,,,,,,,,,,,,,,
249,양현종,25,-0.25,12,-0.17,-0.09,14,14,12,1,1,0,0,0,1,0,0,0,2,0,0,5,0,0,0,0.083,0.214,0.083,0.297,-0.011,-10,-0.25
,,3B,,,,,,,,,,,,,,,,,,,,,,,,,,,,,,
250,김웅빈,25,-0.25,10,-0.22,-0.03,31,30,24,1,2,0,0,0,2,0,0,0,6,0,0,7,2,1,0,0.083,0.267,0.083,0.35,0.027,25,-0.25
,,DH,,,,,,,,,,,,,,,,,,,,,,,,,,,,,,
251,김재혁,25,-0.26,8,-0.02,-0.24,4,4,3,2,0,0,0,0,0,0,0,0,1,0,0,2,0,0,0,0,0.25,0,0.25,0.011,8.6,-0.26
,,CF,,,,,,,,,,,,,,,,,,,,,,,,,,,,,,
252,장재영,25,-0.28,10,-0.07,-0.2,16,16,14,1,2,0,0,0,2,2,1,0,2,0,0,7,0,0,0,0.143,0.25,0.143,0.393,0.018,15.8,-0.28
,,CF,,,,,,,,,,,,,,,,,,,,,,,,,,,,,,
253,권광민,25,-0.28,15,-0.23,-0.05,18,18,18,2,3,1,0,0,4,0,0,0,0,0,0,5,1,0,0,0.167,0.167,0.222,0.389,-0.022,-17.8,-0.28
,,1B,,,,,,,,,,,,,,,,,,,,,,,,,,,,,,
254,최준우,25,-0.29,78,-0.12,-0.17,192,189,152,17,29,0,0,3,38,22,2,0,30,3,0,47,3,3,4,0.191,0.328,0.25,0.578,0.09,73.3,-0.29
,,LF,,,,,,,,,,,,,,,,,,,,,,,,,,,,,,
255,안주형,25,-0.3,8,-0.04,-0.26,18,18,17,3,4,0,0,1,7,2,0,1,1,0,0,5,1,0,0,0.235,0.278,0.412,0.69,0.096,76,-0.3
,,2B,,,,,,,,,,,,,,,,,,,,,,,,,,,,,,
256,이상혁,25,-0.3,39,-0.1,-0.2,12,11,10,14,2,1,0,0,3,2,3,4,0,1,0,3,0,1,0,0.2,0.273,0.3,0.573,0.06,51.3,-0.3
,,RF,,,,,,,,,,,,,,,,,,,,,,,,,,,,,,
257,권혁빈,25,-0.3,22,-0.22,-0.08,24,22,20,1,2,0,0,0,2,1,0,0,2,0,0,7,1,2,0,0.1,0.182,0.1,0.282,-0.033,-30.3,-0.3
,,2B,,,,,,,,,,,,,,,,,,,,,,,,,,,,,,
258,박승욱,25,-0.31,54,-0.35,0.04,92,90,84,10,16,3,0,0,19,5,1,1,5,1,0,30,0,2,0,0.19,0.244,0.226,0.47,0.027,22.3,-0.31
,,SS,,,,,,,,,,,,,,,,,,,,,,,,,,,,,,
259,전다민,25,-0.31,22,-0.17,-0.14,12,12,12,5,1,0,0,0,1,0,3,0,0,0,0,0,1,0,0,0.083,0.083,0.083,0.166,-0.105,-88.6,-0.31
,,LF,,,,,,,,,,,,,,,,,,,,,,,,,,,,,,
260,류현준,25,-0.32,17,-0.26,-0.06,22,22,22,2,3,0,0,0,3,1,0,0,0,0,0,6,1,0,0,0.136,0.136,0.136,0.272,-0.063,-53.5,-0.32
,,C,,,,,,,,,,,,,,,,,,,,,,,,,,,,,,
261,김대한,25,-0.32,16,-0.18,-0.14,37,37,36,1,7,0,0,1,10,5,0,1,1,0,0,6,0,0,0,0.194,0.216,0.278,0.494,0.023,20.6,-0.32
,,LF,,,,,,,,,,,,,,,,,,,,,,,,,,,,,,
262,이우성,25,-0.33,105,0.23,-0.56,337,336,300,28,75,22,1,3,108,33,2,1,31,2,0,66,8,1,3,0.25,0.321,0.36,0.681,0.106,87.6,-0.33
,,LF,,,,,,,,,,,,,,,,,,,,,,,,,,,,,,
263,송지후,25,-0.34,33,-0.58,0.24,86,86,80,5,14,3,0,1,20,8,0,1,3,2,0,18,3,0,1,0.175,0.221,0.25,0.471,0.02,18.2,-0.34
,,2B,,,,,,,,,,,,,,,,,,,,,,,,,,,,,,
264,김인환,25,-0.36,10,-0.3,-0.06,26,26,25,2,2,0,0,1,5,3,0,0,1,0,0,9,1,0,0,0.08,0.115,0.2,0.315,-0.045,-39.4,-0.36
,,1B,,,,,,,,,,,,,,,,,,,,,,,,,,,,,,
265,오태곤,25,-0.36,122,-0.26,-0.1,229,226,194,31,39,6,0,5,60,26,25,8,30,1,0,59,4,3,1,0.201,0.31,0.309,0.619,0.093,74.8,-0.36
,,1B,,,,,,,,,,,,,,,,,,,,,,,,,,,,,,
266,이해승,25,-0.36,8,0,-0.36,5,5,5,2,1,0,0,0,1,1,0,0,0,0,0,2,0,0,0,0.2,0.2,0.2,0.4,-0.014,-10.8,-0.36
,,SS,,,,,,,,,,,,,,,,,,,,,,,,,,,,,,
267,유로결,25,-0.37,20,-0.14,-0.23,16,14,13,1,2,0,0,0,2,0,1,0,0,1,0,4,0,2,0,0.154,0.214,0.154,0.368,-0.012,-9.5,-0.37
,,RF,,,,,,,,,,,,,,,,,,,,,,,,,,,,,,
268,푸이그,25,-0.37,40,-0.14,-0.23,172,172,156,17,33,2,0,6,53,20,0,0,12,4,0,38,1,0,0,0.212,0.285,0.34,0.625,0.082,74.5,-0.37
,,LF,,,,,,,,,,,,,,,,,,,,,,,,,,,,,,
269,여동욱,25,-0.37,28,-0.25,-0.12,61,60,53,6,7,1,0,2,14,2,0,0,7,0,0,21,2,1,0,0.132,0.233,0.264,0.497,0.043,35.9,-0.37
,,3B,,,,,,,,,,,,,,,,,,,,,,,,,,,,,,
270,김재성,25,-0.37,43,-0.38,0,73,72,63,3,8,2,0,0,10,4,0,0,6,2,0,23,0,1,1,0.127,0.222,0.159,0.381,0.004,3.3,-0.37
,,C,,,,,,,,,,,,,,,,,,,,,,,,,,,,,,
271,안중열,25,-0.39,33,0.01,-0.4,60,59,49,2,7,3,0,0,10,6,0,0,8,2,0,15,0,1,0,0.143,0.288,0.204,0.492,0.059,47.5,-0.39
,,C,,,,,,,,,,,,,,,,,,,,,,,,,,,,,,
272,조대현,25,-0.39,64,0.02,-0.4,90,84,75,7,14,4,0,0,18,11,0,0,7,2,0,22,0,6,0,0.187,0.274,0.24,0.514,0.051,41.5,-0.39
,,C,,,,,,,,,,,,,,,,,,,,,,,,,,,,,,
273,김찬형,25,-0.39,44,-0.56,0.17,78,77,73,4,13,2,0,0,15,5,0,0,3,1,0,13,3,1,0,0.178,0.221,0.205,0.426,0.007,5.5,-0.39
,,3B,,,,,,,,,,,,,,,,,,,,,,,,,,,,,,
274,김태훈,25,-0.39,51,-0.33,-0.06,98,96,93,4,22,1,0,2,29,8,1,0,3,0,0,24,0,2,0,0.237,0.26,0.312,0.572,0.055,42.9,-0.39
,,LF,,,,,,,,,,,,,,,,,,,,,,,,,,,,,,
275,정해원,25,-0.39,24,-0.57,0.18,46,46,40,5,3,0,0,0,3,0,0,0,5,1,0,14,4,0,0,0.075,0.196,0.075,0.271,-0.026,-22.6,-0.39
,,RF,,,,,,,,,,,,,,,,,,,,,,,,,,,,,,
276,박시원,25,-0.41,52,-0.13,-0.28,60,59,54,12,11,2,0,1,16,4,1,0,5,0,0,18,1,1,0,0.204,0.271,0.296,0.567,0.064,50.7,-0.41
,,RF,,,,,,,,,,,,,,,,,,,,,,,,,,,,,,
277,고영우,25,-0.43,14,-0.13,-0.3,26,25,23,4,5,1,0,0,6,2,0,0,2,0,0,6,2,1,0,0.217,0.28,0.261,0.541,0.057,51.4,-0.43
,,2B,,,,,,,,,,,,,,,,,,,,,,,,,,,,,,
278,최승민,25,-0.46,19,-0.11,-0.35,6,6,5,6,0,0,0,0,0,0,1,2,1,0,0,2,0,0,0,0,0.167,0,0.167,-0.049,-41.5,-0.46
,,LF,,,,,,,,,,,,,,,,,,,,,,,,,,,,,,
279,강민성,25,-0.46,25,-0.43,-0.04,36,36,30,0,1,0,0,0,1,1,0,0,5,0,0,15,1,0,1,0.033,0.167,0.033,0.2,-0.047,-38.2,-0.46
,,2B,,,,,,,,,,,,,,,,,,,,,,,,,,,,,,
280,김태진,25,-0.47,94,0.06,-0.53,304,302,279,27,65,11,2,5,95,25,1,1,20,0,1,53,6,2,3,0.233,0.281,0.341,0.622,0.077,67.8,-0.47
,,2B,,,,,,,,,,,,,,,,,,,,,,,,,,,,,,
281,하재훈,25,-0.48,18,-0.44,-0.03,61,61,56,6,8,0,0,3,17,8,1,2,4,0,0,21,1,0,1,0.143,0.197,0.304,0.501,0.027,21.9,-0.48
,,RF,,,,,,,,,,,,,,,,,,,,,,,,,,,,,,
282,추재현,25,-0.53,34,-0.22,-0.31,87,85,81,7,18,3,1,1,26,7,0,0,3,1,0,17,2,2,0,0.222,0.259,0.321,0.58,0.059,51.1,-0.53
,,LF,,,,,,,,,,,,,,,,,,,,,,,,,,,,,,
283,김재현,25,-0.56,62,-0.32,-0.24,128,124,120,12,25,5,0,0,30,5,1,0,1,3,0,31,1,4,0,0.208,0.234,0.25,0.484,0.022,19.5,-0.56
,,C,,,,,,,,,,,,,,,,,,,,,,,,,,,,,,
284,홍종표,25,-0.64,62,-0.56,-0.08,85,81,73,16,12,0,0,0,12,3,1,2,7,0,0,23,1,4,1,0.164,0.235,0.164,0.399,0.008,6.9,-0.64
,,2B,,,,,,,,,,,,,,,,,,,,,,,,,,,,,,
285,스톤,25,-0.64,22,-0.3,-0.34,93,93,87,4,21,0,0,2,27,15,0,0,5,0,0,24,2,0,1,0.241,0.28,0.31,0.59,0.066,59.9,-0.64
,,RF,,,,,,,,,,,,,,,,,,,,,,,,,,,,,,
286,김동준,25,-0.65,36,-0.26,-0.39,100,99,93,8,22,3,0,2,31,10,1,1,5,1,0,30,2,1,0,0.237,0.283,0.333,0.616,0.075,62.4,-0.65
,,DH,,,,,,,,,,,,,,,,,,,,,,,,,,,,,,
287,정훈,25,-0.65,77,-0.97,0.31,200,198,185,14,40,11,0,2,57,11,0,0,10,3,1,40,4,2,0,0.216,0.268,0.308,0.576,0.059,47,-0.65
,,DH,,,,,,,,,,,,,,,,,,,,,,,,,,,,,,
288,임병욱,25,-0.66,52,-0.25,-0.41,140,139,133,12,31,4,3,2,47,13,1,0,5,0,0,33,3,1,1,0.233,0.259,0.353,0.612,0.068,61.8,-0.66
,,RF,,,,,,,,,,,,,,,,,,,,,,,,,,,,,,
289,박세혁,25,-0.66,48,-0.32,-0.34,93,93,86,8,14,3,0,2,23,10,1,0,5,1,0,28,4,0,1,0.163,0.215,0.267,0.482,0.024,19.5,-0.66
,,C,,,,,,,,,,,,,,,,,,,,,,,,,,,,,,
290,윤정빈,25,-0.67,25,-0.31,-0.36,46,46,40,3,7,1,0,0,8,3,0,0,4,0,0,18,1,0,2,0.175,0.239,0.2,0.439,0.019,14.1,-0.67
,,RF,,,,,,,,,,,,,,,,,,,,,,,,,,,,,,
291,김성욱,25,-0.72,56,-0.59,-0.13,132,131,123,10,24,6,0,2,36,13,1,2,7,1,0,35,2,1,0,0.195,0.244,0.293,0.537,0.046,37.5,-0.72
,,RF,,,,,,,,,,,,,,,,,,,,,,,,,,,,,,
292,어준서,25,-0.81,116,0.88,-1.69,360,357,324,48,77,9,1,6,106,27,1,0,30,2,1,75,10,3,1,0.238,0.305,0.327,0.632,0.088,78.4,-0.81
,,SS,,,,,,,,,,,,,,,,,,,,,,,,,,,,,,
293,서호철,25,-0.82,103,-0.34,-0.48,292,282,263,25,70,7,1,3,88,30,7,3,8,7,0,51,7,10,4,0.266,0.301,0.335,0.636,0.081,65.5,-0.82
,,1B,,,,,,,,,,,,,,,,,,,,,,,,,,,,,,
294,박지환,25,-0.95,31,-0.64,-0.31,68,65,60,3,9,0,0,0,9,4,0,1,4,0,0,19,1,3,1,0.15,0.2,0.15,0.35,-0.017,-14.2,-0.95
,,3B,,,,,,,,,,,,,,,,,,,,,,,,,,,,,,
295,김헌곤,25,-0.98,77,-0.6,-0.38,191,189,173,21,39,6,0,2,51,11,2,1,11,4,0,29,4,2,1,0.225,0.286,0.295,0.581,0.067,51.9,-0.98
,,RF,,,,,,,,,,,,,,,,,,,,,,,,,,,,,,
296,최원준,25,-1.28,126,-0.13,-1.14,449,447,413,62,100,13,3,6,137,44,26,8,23,6,0,71,5,2,5,0.242,0.289,0.332,0.621,0.077,64.5,-1.28
,,CF,,,,,,,,,,,,,,,,,,,,,,,,,,,,,,
297,김민석,25,-1.31,95,-0.8,-0.51,247,244,228,21,52,7,3,1,68,21,3,2,12,2,1,62,3,2,3,0.228,0.269,0.298,0.567,0.056,49.1,-1.31
,,LF,,,,,,,,,,,,,,,,,,,,,,,,,,,,,,
298,안치홍,25,-1.34,66,-1.37,0.03,196,191,174,9,30,4,0,2,40,18,3,0,16,1,2,39,4,4,1,0.172,0.245,0.23,0.475,0.028,22.5,-1.34
,,DH,,,,,,,,,,,,,,,,,,,,,,,,,,,,,,
299,박재현,25,-1.49,58,-0.89,-0.6,69,69,62,11,5,1,0,0,6,3,4,3,6,0,0,26,0,0,1,0.081,0.159,0.097,0.256,-0.046,-38.5,-1.49
,,CF,,,,,,,,,,,,,,,,,,,,,,,,,,,,,,
