選手,試合,打席,打数,得点,安打,二塁打,三塁打,本塁打,塁打,打点,盗塁,盗塁刺,犠打,犠飛,四球,故意四,死球,三振,併殺打,打率,長打率,出塁率
赤星　優志,22,38,30,1,7,0,0,0,7,2,0,0,5,0,3,0,0,12,0,0.233,0.233,0.303
*秋広　優人,5,8,7,0,1,0,0,0,1,0,0,0,0,0,1,0,0,0,0,0.143,0.143,0.25
浅野　翔吾,29,83,75,6,14,4,0,2,24,8,1,0,1,1,4,1,2,17,1,0.187,0.32,0.244
*荒巻　悠,31,61,54,1,16,1,0,1,20,1,0,2,0,0,7,0,0,13,0,0.296,0.37,0.377
石川　達也,41,7,7,0,2,0,0,0,2,1,0,0,0,0,0,0,0,2,0,0.286,0.286,0.286
石塚　裕惺,9,9,9,0,1,0,0,0,1,0,0,0,0,0,0,0,0,5,0,0.111,0.111,0.111
*泉口　友汰,133,573,512,67,154,23,3,6,201,39,4,5,7,3,47,2,4,60,8,0.301,0.393,0.362
泉　圭輔,10,0,0,0,0,0,0,0,0,0,0,0,0,0,0,0,0,0,0,0,0,0
*井上　温大,20,30,29,1,2,0,0,0,2,1,0,0,1,0,0,0,0,17,0,0.069,0.069,0.069
*浦田　俊輔,22,60,53,4,11,2,0,0,13,4,0,1,3,0,3,0,1,7,1,0.208,0.245,0.263
オコエ　瑠偉,61,140,126,12,31,4,2,0,39,5,3,3,6,0,7,1,1,29,1,0.246,0.31,0.291
*大城　卓三,56,99,91,6,17,3,0,3,29,10,0,0,0,1,6,1,1,27,4,0.187,0.319,0.242
*岡田　悠希,11,19,18,1,3,1,0,0,4,2,0,0,0,0,1,0,0,10,0,0.167,0.222,0.211
岡本　和真,69,293,251,38,82,21,1,15,150,49,1,1,0,2,33,2,7,33,5,0.327,0.598,0.416
*乙坂　智,5,5,5,0,1,1,0,0,2,0,0,0,0,0,0,0,0,1,0,0.2,0.4,0.2
甲斐　拓也,68,250,223,17,58,4,0,4,74,20,3,1,2,2,23,5,0,58,8,0.26,0.332,0.327
*門脇　誠,81,176,157,14,35,6,1,0,43,4,6,1,8,0,10,0,1,32,2,0.223,0.274,0.274
*キャベッジ,123,476,431,50,115,26,1,17,194,51,5,3,1,2,37,3,5,144,4,0.267,0.45,0.331
*菊地　大稀,7,0,0,0,0,0,0,0,0,0,0,0,0,0,0,0,0,0,0,0,0,0
岸田　行倫,87,299,266,25,78,9,0,8,111,39,0,1,6,1,25,2,1,44,4,0.293,0.417,0.355
*グリフィン,14,23,19,0,3,0,0,0,3,0,0,0,3,0,1,0,0,6,0,0.158,0.158,0.2
ケラー,45,0,0,0,0,0,0,0,0,0,0,0,0,0,0,0,0,0,0,0,0,0
郡　拓也,3,2,2,0,0,0,0,0,0,0,0,0,0,0,0,0,0,0,0,0,0,0
小林　誠司,14,26,21,2,3,1,0,0,4,1,0,0,2,0,3,0,0,8,1,0.143,0.19,0.25
坂本　勇人,62,173,154,7,32,10,0,3,51,22,0,0,0,4,14,1,1,40,6,0.208,0.331,0.272
*佐々木　俊輔,53,161,141,14,35,4,1,0,41,10,1,4,10,0,10,0,0,34,2,0.248,0.291,0.298
笹原　操希,13,22,20,1,2,0,0,0,2,0,0,0,0,0,2,0,0,7,0,0.1,0.1,0.182
*重信　慎之介,10,3,3,1,1,0,0,0,1,0,1,0,0,0,0,0,0,2,0,0.333,0.333,0.333
鈴木　大和,4,0,0,1,0,0,0,0,0,0,0,0,0,0,0,0,0,0,0,0,0,0
大勢,62,0,0,0,0,0,0,0,0,0,0,0,0,0,0,0,0,0,0,0,0,0
*高梨　雄平,21,0,0,0,0,0,0,0,0,0,0,0,0,0,0,0,0,0,0,0,0,0
*田中　瑛斗,62,0,0,0,0,0,0,0,0,0,0,0,0,0,0,0,0,0,0,0,0,0
田中　将大,10,14,13,1,2,1,0,0,3,0,0,0,1,0,0,0,0,9,0,0.154,0.231,0.154
長野　久義,17,24,22,1,3,0,0,0,3,0,0,0,0,0,2,0,0,8,0,0.136,0.136,0.208
戸郷　翔征,21,35,28,1,3,0,0,0,3,0,0,0,7,0,0,0,0,14,0,0.107,0.107,0.107
戸田　懐生,2,0,0,0,0,0,0,0,0,0,0,0,0,0,0,0,0,0,0,0,0,0
*中川　皓太,63,0,0,0,0,0,0,0,0,0,0,0,0,0,0,0,0,0,0,0,0,0
*中山　礼都,103,312,287,35,76,13,0,7,110,32,1,2,2,0,20,1,3,42,6,0.265,0.383,0.319
西舘　勇陽,15,10,8,0,0,0,0,0,0,0,0,0,2,0,0,0,0,4,0,0,0,0
*バルドナード,19,0,0,0,0,0,0,0,0,0,0,0,0,0,0,0,0,0,0,0,0,0
萩尾　匡也,9,25,23,0,4,0,0,0,4,0,1,0,1,0,1,1,0,5,0,0.174,0.174,0.208
馬場　皐輔,8,0,0,0,0,0,0,0,0,0,0,0,0,0,0,0,0,0,0,0,0,0
フルプ,2,5,5,0,0,0,0,0,0,0,0,0,0,0,0,0,0,3,0,0,0,0
*船迫　大雅,57,0,0,0,0,0,0,0,0,0,0,0,0,0,0,0,0,0,0,0,0,0
ヘルナンデス,52,171,152,14,32,8,0,2,46,8,0,3,0,0,18,1,1,34,5,0.211,0.303,0.298
平内　龍太,12,2,1,0,0,0,0,0,0,0,0,0,1,0,0,0,0,1,0,0,0,0
堀田　賢慎,8,5,5,1,2,0,0,0,2,0,0,0,0,0,0,0,0,2,0,0.4,0.4,0.4
*マルティネス,58,0,0,0,0,0,0,0,0,0,0,0,0,0,0,0,0,0,0,0,0,0
増田　大輝,53,25,22,5,3,1,0,0,4,0,3,2,3,0,0,0,0,7,0,0.136,0.182,0.136
増田　陸,87,286,264,22,61,10,0,5,86,21,0,3,3,3,13,1,3,62,4,0.231,0.326,0.272
*又木　鉄平,5,2,2,0,0,0,0,0,0,0,0,0,0,0,0,0,0,1,1,0,0,0
*丸　佳浩,90,369,326,30,87,19,3,6,130,26,5,4,1,2,40,5,0,57,5,0.267,0.399,0.345
*三塚　琉生,6,12,12,0,0,0,0,0,0,0,0,0,0,0,0,0,0,8,0,0,0,0
*宮原　駿介,14,0,0,0,0,0,0,0,0,0,0,0,0,0,0,0,0,0,0,0,0,0
*森田　駿哉,9,12,9,0,1,0,0,0,1,0,0,0,2,0,1,0,0,5,1,0.111,0.111,0.2
*山﨑　伊織,25,49,46,2,6,2,0,0,8,3,0,0,2,0,1,0,0,18,1,0.13,0.174,0.149
山瀬　慎之助,1,4,4,0,1,0,0,0,1,2,0,0,0,0,0,0,0,1,0,0.25,0.25,0.25
*山田　龍聖,2,0,0,0,0,0,0,0,0,0,0,0,0,0,0,0,0,0,0,0,0,0
湯浅　大,8,3,3,2,0,0,0,0,0,0,0,0,0,0,0,0,0,1,0,0,0,0
*横川　凱,25,14,11,0,0,0,0,0,0,0,0,0,3,0,0,0,0,4,0,0,0,0
*吉川　尚輝,107,455,404,33,112,15,3,3,142,32,8,3,2,3,41,0,5,63,7,0.277,0.351,0.349
リチャード,77,253,232,17,49,7,0,11,89,39,1,0,0,2,13,0,6,90,4,0.211,0.384,0.269
若林　楽人,86,241,216,30,52,10,2,3,75,16,9,1,4,1,15,0,5,40,0,0.241,0.347,0.304
石井　大智,53,1,1,0,0,0,0,0,0,0,0,0,0,0,0,0,0,0,0,0,0,0
石黒　佑弥,8,0,0,0,0,0,0,0,0,0,0,0,0,0,0,0,0,0,0,0,0,0
井坪　陽生,6,18,18,1,3,0,0,0,3,0,0,0,0,0,0,0,0,4,0,0.167,0.167,0.167
*伊藤　将司,14,31,27,1,2,0,0,0,2,1,0,0,4,0,0,0,0,14,3,0.074,0.074,0.074
*糸原　健斗,61,75,69,0,14,0,0,0,14,4,1,0,0,1,5,1,0,16,1,0.203,0.203,0.253
井上　広大,1,3,3,0,0,0,0,0,0,0,1,0,0,0,0,0,0,2,0,0,0,0
*伊原　陵人,28,27,25,0,4,0,0,0,4,0,0,0,2,0,0,0,0,5,1,0.16,0.16,0.16
茨木　秀俊,2,0,0,0,0,0,0,0,0,0,0,0,0,0,0,0,0,0,0,0,0,0
*岩貞　祐太,29,0,0,0,0,0,0,0,0,0,0,0,0,0,0,0,0,0,0,0,0,0
*岩崎　優,53,0,0,0,0,0,0,0,0,0,0,0,0,0,0,0,0,0,0,0,0,0
#NAME?,42,19,17,10,1,1,0,0,2,1,4,1,0,0,2,0,0,9,0,0.059,0.118,0.158
梅野　隆太郎,52,132,118,7,26,4,0,0,30,2,2,3,6,0,7,4,1,29,2,0.22,0.254,0.27
*漆原　大晟,11,0,0,0,0,0,0,0,0,0,0,0,0,0,0,0,0,0,0,0,0,0
*大竹　耕太郎,16,35,30,1,5,0,0,0,5,2,0,0,4,0,1,0,0,14,0,0.167,0.167,0.194
大山　悠輔,141,587,503,52,133,25,1,13,199,75,6,3,0,4,74,7,6,96,16,0.264,0.396,0.363
岡留　英貴,10,0,0,0,0,0,0,0,0,0,0,0,0,0,0,0,0,0,0,0,0,0
小野寺　暖,19,30,29,3,7,1,0,0,8,0,0,0,0,0,1,0,0,9,0,0.241,0.276,0.267
*小幡　竜平,89,297,265,23,59,8,0,5,82,17,6,2,10,3,18,3,1,64,5,0.223,0.309,0.272
*及川　雅貴,66,0,0,0,0,0,0,0,0,0,0,0,0,0,0,0,0,0,0,0,0,0
*木浪　聖也,72,203,181,12,35,8,2,0,47,15,1,1,7,0,12,2,3,48,1,0.193,0.26,0.255
木下　里都,11,0,0,0,0,0,0,0,0,0,0,0,0,0,0,0,0,0,0,0,0,0
*桐敷　拓馬,43,0,0,0,0,0,0,0,0,0,0,0,0,0,0,0,0,0,0,0,0,0
*楠本　泰史,16,16,15,0,2,1,0,0,3,1,0,0,0,0,1,0,0,6,0,0.133,0.2,0.188
*工藤　泰成,18,0,0,0,0,0,0,0,0,0,0,0,0,0,0,0,0,0,0,0,0,0
熊谷　敬宥,85,170,156,22,35,2,3,1,46,18,6,4,8,0,5,0,1,33,5,0.224,0.295,0.253
*ゲラ,6,0,0,0,0,0,0,0,0,0,0,0,0,0,0,0,0,0,0,0,0,0
才木　浩人,24,54,45,1,2,0,0,0,2,1,0,0,7,0,2,0,0,25,1,0.044,0.044,0.085
榮枝　裕貴,8,9,9,1,2,0,0,0,2,1,0,1,0,0,0,0,0,3,0,0.222,0.222,0.222
坂本　誠志郎,117,414,340,21,84,19,1,2,111,27,2,2,16,0,53,6,5,91,6,0.247,0.326,0.357
*佐藤　輝明,139,597,537,83,149,34,4,40,311,102,10,2,0,3,57,9,0,163,5,0.277,0.579,0.345
椎葉　剛,3,0,0,0,0,0,0,0,0,0,0,0,0,0,0,0,0,0,0,0,0,0
*島田　海吏,28,35,31,2,4,0,0,0,4,0,1,2,3,0,1,0,0,1,0,0.129,0.129,0.156
*島本　浩也,16,0,0,0,0,0,0,0,0,0,0,0,0,0,0,0,0,0,0,0,0,0
*髙寺　望夢,67,160,134,10,31,4,0,2,41,7,4,1,6,1,18,1,1,37,1,0.231,0.306,0.325
*髙橋　遥人,8,15,13,2,1,0,0,0,1,0,0,0,2,0,0,0,0,6,0,0.077,0.077,0.077
*近本　光司,140,638,573,76,160,25,4,3,202,34,32,9,0,3,60,1,2,88,3,0.279,0.353,0.348
*デュプランティエ,15,28,26,0,1,0,0,0,1,0,0,0,2,0,0,0,0,16,0,0.038,0.038,0.038
ドリス,20,0,0,0,0,0,0,0,0,0,0,0,0,0,0,0,0,0,0,0,0,0
*富田　蓮,9,6,5,1,0,0,0,0,0,0,0,0,1,0,0,0,0,3,0,0,0,0
豊田　寛,33,61,56,2,13,4,0,0,17,4,0,0,0,1,4,0,0,16,3,0.232,0.304,0.279
中川　勇斗,25,59,56,3,15,1,0,2,22,2,0,0,1,0,2,0,0,16,2,0.268,0.393,0.293
*中野　拓夢,143,625,531,65,150,18,3,0,174,30,19,7,44,3,44,1,3,77,5,0.282,0.328,0.339
長坂　拳弥,1,1,1,0,0,0,0,0,0,0,0,0,0,0,0,0,0,0,1,0,0,0
西　勇輝,1,1,1,0,0,0,0,0,0,0,0,0,0,0,0,0,0,1,0,0,0,0
ネルソン,23,5,4,0,0,0,0,0,0,0,0,0,0,0,1,0,0,3,0,0,0,0.2
ハートウィグ,16,0,0,0,0,0,0,0,0,0,0,0,0,0,0,0,0,0,0,0,0,0
*畠　世周,12,0,0,0,0,0,0,0,0,0,0,0,0,0,0,0,0,0,0,0,0,0
早川　太貴,3,4,3,0,0,0,0,0,0,0,0,0,1,0,0,0,0,0,0,0,0,0
原口　文仁,16,17,16,1,1,0,0,0,1,2,0,0,0,0,1,1,0,5,2,0.063,0.063,0.118
ビーズリー,8,12,9,0,1,0,0,0,1,1,0,0,3,0,0,0,0,5,0,0.111,0.111,0.111
ヘルナンデス,47,101,96,3,22,3,0,1,28,8,0,0,0,1,4,0,0,26,6,0.229,0.292,0.257
*前川　右京,69,209,195,11,48,10,1,1,63,15,0,1,0,0,8,2,6,30,2,0.246,0.323,0.297
*村上　頌樹,26,61,53,0,4,0,0,0,4,0,0,0,7,0,1,0,0,31,1,0.075,0.075,0.093
森下　翔太,143,620,549,82,151,24,5,23,254,89,5,2,0,5,54,4,12,86,15,0.275,0.463,0.35
*門別　啓人,12,13,11,0,0,0,0,0,0,0,0,0,2,0,0,0,0,4,0,0,0,0
湯浅　京己,40,0,0,0,0,0,0,0,0,0,0,0,0,0,0,0,0,0,0,0,0,0
渡邉　諒,22,24,19,0,3,0,0,0,3,1,0,0,0,0,5,1,0,8,1,0.158,0.158,0.333
*東　克樹,24,53,38,3,7,1,0,0,8,4,0,0,11,0,4,0,0,13,0,0.184,0.211,0.262
東妻　純平,4,6,6,1,1,0,0,0,1,0,0,0,0,0,0,0,0,4,0,0.167,0.167,0.167
*石上　泰輝,73,158,141,15,34,9,0,2,49,16,3,2,2,0,14,2,1,42,2,0.241,0.348,0.314
石田　裕太郎,21,26,23,1,2,0,0,0,2,2,0,0,2,0,1,0,0,8,0,0.087,0.087,0.125
伊勢　大夢,55,0,0,0,0,0,0,0,0,0,0,0,0,0,0,0,0,0,0,0,0,0
伊藤　光,6,9,9,0,0,0,0,0,0,0,0,0,0,0,0,0,0,4,0,0,0,0
*井上　絢登,12,31,29,2,5,0,0,2,11,7,0,0,0,1,1,0,0,6,0,0.172,0.379,0.194
入江　大生,50,0,0,0,0,0,0,0,0,0,0,0,0,0,0,0,0,0,0,0,0,0
*岩田　将貴,3,0,0,0,0,0,0,0,0,0,0,0,0,0,0,0,0,0,0,0,0,0
*ウィック,40,0,0,0,0,0,0,0,0,0,0,0,0,0,0,0,0,0,0,0,0,0
蝦名　達夫,115,401,348,53,99,21,1,8,146,41,5,4,4,7,31,1,11,68,5,0.284,0.42,0.355
オースティン,65,246,219,35,59,14,0,11,106,28,0,0,0,0,26,6,1,45,10,0.269,0.484,0.35
大貫　晋一,11,18,18,2,2,0,0,0,2,0,0,0,0,0,0,0,0,8,0,0.111,0.111,0.111
*梶原　昂希,61,170,163,21,40,9,1,2,57,10,6,3,0,1,4,0,2,51,1,0.245,0.35,0.271
*勝又　温史,7,9,9,0,3,0,0,0,3,0,0,0,0,0,0,0,0,1,0,0.333,0.333,0.333
加藤　響,9,18,17,2,3,0,0,0,3,0,0,0,0,0,1,0,0,6,0,0.176,0.176,0.222
*神里　和毅,62,27,26,5,8,1,2,0,13,2,3,0,0,0,1,0,0,8,0,0.308,0.5,0.333
*京田　陽太,83,210,194,21,42,5,1,1,52,14,1,0,2,1,9,3,4,60,3,0.216,0.268,0.264
九鬼　隆平,12,12,12,0,3,0,1,0,5,0,0,0,0,0,0,0,0,3,0,0.25,0.417,0.25
桑原　将志,106,447,398,48,113,17,2,6,152,27,10,0,10,0,30,1,9,59,5,0.284,0.382,0.348
*ケイ,24,49,36,1,4,1,0,0,5,2,0,0,12,0,1,0,0,19,0,0.111,0.139,0.135
小園　健太,1,1,1,0,0,0,0,0,0,0,0,0,0,0,0,0,0,1,0,0,0,0
*坂本　裕哉,35,0,0,0,0,0,0,0,0,0,0,0,0,0,0,0,0,0,0,0,0,0
佐々木　千隼,20,1,1,0,0,0,0,0,0,0,0,0,0,0,0,0,0,0,0,0,0,0
*佐野　恵太,138,569,525,47,144,24,0,15,213,70,0,0,0,5,34,1,5,61,13,0.274,0.406,0.322
ジャクソン,25,51,42,1,2,0,0,1,5,5,0,0,6,0,3,0,0,27,0,0.048,0.119,0.111
*篠木　健太郎,3,1,1,0,0,0,0,0,0,0,0,0,0,0,0,0,0,1,0,0,0,0
*柴田　竜拓,70,32,22,4,2,0,0,0,2,0,1,1,6,0,4,0,0,6,0,0.091,0.091,0.231
*関根　大気,9,23,23,2,4,3,0,0,7,1,0,0,0,0,0,0,0,2,1,0.174,0.304,0.174
平良　拳太郎,12,18,16,0,0,0,0,0,0,0,0,0,2,0,0,0,0,8,0,0,0,0
竹田　祐,6,15,11,0,0,0,0,0,0,0,0,0,3,0,1,0,0,8,0,0,0,0.083
*武田　陸玖,1,0,0,0,0,0,0,0,0,0,0,0,0,0,0,0,0,0,0,0,0,0
田内　真翔,2,2,2,0,1,0,0,0,1,0,0,0,0,0,0,0,0,0,0,0.5,0.5,0.5
知野　直人,8,20,17,3,3,1,0,1,7,2,0,1,0,0,3,0,0,2,0,0.176,0.412,0.3
*筒香　嘉智,75,257,224,29,51,12,0,20,123,43,0,0,0,0,33,3,0,59,7,0.228,0.549,0.327
*戸柱　恭孝,45,100,95,5,23,4,0,2,33,6,0,0,1,2,2,0,0,15,5,0.242,0.347,0.253
中川　虎大,30,0,0,0,0,0,0,0,0,0,0,0,0,0,0,0,0,0,0,0,0,0
バウアー,21,39,34,0,2,0,0,0,2,0,0,0,4,0,1,0,0,20,0,0.059,0.059,0.086
橋本　達弥,1,0,0,0,0,0,0,0,0,0,0,0,0,0,0,0,0,0,0,0,0,0
浜地　真澄,3,0,0,0,0,0,0,0,0,0,0,0,0,0,0,0,0,0,0,0,0,0
*林　琢真,95,290,258,35,63,11,1,2,82,20,11,4,7,4,19,4,2,54,4,0.244,0.318,0.297
*颯,27,1,1,0,1,0,0,0,1,0,0,0,0,0,0,0,0,0,0,1,1,1
ビシエド,43,90,81,8,21,4,0,2,31,6,0,0,0,1,6,0,2,8,3,0.259,0.383,0.322
*フォード,25,51,46,1,9,1,0,0,10,1,0,0,0,0,5,0,0,13,0,0.196,0.217,0.275
藤浪　晋太郎,6,6,5,0,0,0,0,0,0,0,0,0,1,0,0,0,0,4,0,0,0,0
堀岡　隼人,13,0,0,0,0,0,0,0,0,0,0,0,0,0,0,0,0,0,0,0,0,0
マルセリーノ,2,0,0,0,0,0,0,0,0,0,0,0,0,0,0,0,0,0,0,0,0,0
牧　秀悟,93,391,364,48,101,24,0,16,173,49,3,4,0,1,16,5,10,76,6,0.277,0.475,0.325
松尾　汐恩,77,191,176,19,44,5,0,4,61,18,1,1,0,3,9,1,3,17,8,0.25,0.347,0.293
松本　凌人,4,0,0,0,0,0,0,0,0,0,0,0,0,0,0,0,0,0,0,0,0,0
#NAME?,6,0,0,0,0,0,0,0,0,0,0,0,0,0,0,0,0,0,0,0,0,0
*三森　大貴,91,179,160,23,34,9,0,0,43,10,22,8,1,1,17,5,0,32,1,0.213,0.269,0.287
宮城　滝太,50,0,0,0,0,0,0,0,0,0,0,0,0,0,0,0,0,0,0,0,0,0
宮﨑　敏郎,95,352,321,25,89,16,1,6,125,39,0,0,0,2,28,1,1,42,14,0.277,0.389,0.335
*森　敬斗,28,75,72,4,11,0,1,0,13,4,0,2,0,1,2,0,0,16,1,0.153,0.181,0.173
森　唯斗,2,2,2,0,0,0,0,0,0,0,0,0,0,0,0,0,0,2,0,0,0,0
*森原　康平,30,0,0,0,0,0,0,0,0,0,0,0,0,0,0,0,0,0,0,0,0,0
山﨑　康晃,17,0,0,0,0,0,0,0,0,0,0,0,0,0,0,0,0,0,0,0,0,0
山本　祐大,104,344,313,22,82,19,2,3,114,41,0,0,4,7,16,2,4,40,5,0.262,0.364,0.3
吉野　光樹,2,3,3,0,0,0,0,0,0,0,0,0,0,0,0,0,0,2,0,0,0,0
若松　尚輝,7,0,0,0,0,0,0,0,0,0,0,0,0,0,0,0,0,0,0,0,0,0
*度会　隆輝,86,301,270,24,65,10,2,6,97,25,0,1,4,2,24,1,1,36,5,0.241,0.359,0.303
アドゥワ　誠,4,3,3,0,0,0,0,0,0,0,0,0,0,0,0,0,0,2,0,0,0,0
會澤　翼,24,55,43,4,5,1,0,0,6,1,0,1,3,0,7,2,2,16,1,0.116,0.14,0.269
*秋山　翔吾,64,157,145,12,38,6,0,1,47,5,0,0,1,0,9,0,2,27,2,0.262,0.324,0.314
石原　貴規,51,116,104,4,20,4,0,0,24,3,0,0,5,0,4,0,3,29,3,0.192,0.231,0.243
磯村　嘉孝,6,7,7,0,0,0,0,0,0,0,0,0,0,0,0,0,0,2,0,0,0,0
上本　崇司,21,31,27,1,5,1,0,0,6,0,0,0,2,0,2,0,0,8,1,0.185,0.222,0.241
内田　湘大,6,10,9,0,2,1,0,0,3,0,0,0,0,0,1,0,0,4,0,0.222,0.333,0.3
遠藤　淳志,7,3,3,0,0,0,0,0,0,0,0,0,0,0,0,0,0,1,0,0,0,0
大瀬良　大地,23,41,34,2,4,0,0,0,4,0,0,0,6,0,1,0,0,14,0,0.118,0.118,0.143
大道　温貴,1,0,0,0,0,0,0,0,0,0,0,0,0,0,0,0,0,0,0,0,0,0
*大盛　穂,102,173,162,28,43,6,1,3,60,11,7,2,2,0,9,1,0,42,2,0.265,0.37,0.304
*岡本　駿,41,0,0,0,0,0,0,0,0,0,0,0,0,0,0,0,0,0,0,0,0,0
菊地　ハルン,4,0,0,0,0,0,0,0,0,0,0,0,0,0,0,0,0,0,0,0,0,0
菊池　涼介,113,389,355,30,89,19,0,4,120,28,5,3,17,2,14,0,1,70,5,0.251,0.338,0.28
久保　修,17,14,13,1,2,2,0,0,4,0,1,1,0,0,1,0,0,6,1,0.154,0.308,0.214
栗林　良吏,55,0,0,0,0,0,0,0,0,0,0,0,0,0,0,0,0,0,0,0,0,0
*小園　海斗,138,573,521,51,161,24,4,3,202,47,12,7,3,2,42,6,5,47,9,0.309,0.388,0.365
*斉藤　優汰,2,1,1,0,0,0,0,0,0,0,0,0,0,0,0,0,0,1,0,0,0,0
*坂倉　将吾,104,399,345,29,82,26,1,5,125,37,1,0,4,3,43,3,4,72,8,0.238,0.362,0.327
佐々木　泰,54,187,181,11,49,2,1,0,53,6,2,0,0,0,5,3,1,23,6,0.271,0.293,0.294
*佐藤　啓介,5,16,15,0,1,0,0,0,1,1,0,0,0,0,1,0,0,5,0,0.067,0.067,0.125
*佐藤　柳之介,6,5,4,0,1,0,0,0,1,0,0,0,1,0,0,0,0,2,0,0.25,0.25,0.25
島内　颯太郎,60,0,0,0,0,0,0,0,0,0,0,0,0,0,0,0,0,0,0,0,0,0
*清水　叶人,4,14,13,1,2,1,0,0,3,0,0,0,0,0,1,0,0,4,0,0.154,0.231,0.214
末包　昇大,123,477,437,40,106,18,3,11,163,62,2,3,0,5,33,0,2,97,6,0.243,0.373,0.296
*鈴木　健矢,24,0,0,0,0,0,0,0,0,0,0,0,0,0,0,0,0,0,0,0,0,0
*髙　太一,8,16,15,1,1,0,0,0,1,0,0,0,1,0,0,0,0,7,0,0.067,0.067,0.067
*高橋　昂也,24,2,2,0,1,1,0,0,2,2,0,0,0,0,0,0,0,1,0,0.5,1,0.5
*滝田　一希,7,0,0,0,0,0,0,0,0,0,0,0,0,0,0,0,0,0,0,0,0,0
*田中　広輔,15,44,34,2,5,0,0,0,5,0,0,2,0,0,9,1,1,7,0,0.147,0.147,0.341
*玉村　昇悟,17,25,22,2,2,0,0,0,2,2,0,0,2,0,1,0,0,14,0,0.091,0.091,0.13
*田村　俊介,25,69,63,5,16,0,1,1,21,4,0,1,0,0,6,1,0,14,1,0.254,0.333,0.319
*辻　大雅,16,0,0,0,0,0,0,0,0,0,0,0,0,0,0,0,0,0,0,0,0,0
常廣　羽也斗,7,10,9,0,0,0,0,0,0,0,0,0,1,0,0,0,0,5,0,0,0,0
ドミンゲス,6,9,9,0,0,0,0,0,0,0,0,0,0,0,0,0,0,7,0,0,0,0
*床田　寛樹,26,57,54,6,14,2,0,1,19,2,0,0,3,0,0,0,0,12,1,0.259,0.352,0.259
堂林　翔太,44,77,70,5,13,6,0,1,22,4,0,0,1,0,6,1,0,23,3,0.186,0.314,0.25
中﨑　翔太,51,0,0,0,0,0,0,0,0,0,0,0,0,0,0,0,0,0,0,0,0,0
中村　健人,4,10,6,1,0,0,0,0,0,0,1,0,0,0,3,0,1,1,0,0,0,0.4
中村　奨成,104,368,344,43,97,21,3,9,151,33,2,6,3,1,17,1,3,48,2,0.282,0.439,0.321
*野間　峻祥,79,166,154,10,38,3,2,0,45,15,2,1,0,1,10,1,1,30,3,0.247,0.292,0.295
*ハーン,56,0,0,0,0,0,0,0,0,0,0,0,0,0,0,0,0,0,0,0,0,0
*長谷部　銀次,5,0,0,0,0,0,0,0,0,0,0,0,0,0,0,0,0,0,0,0,0,0
*羽月　隆太郎,74,119,105,26,31,2,2,0,37,4,17,5,1,0,13,1,0,29,0,0.295,0.352,0.373
*林　晃汰,22,49,48,2,9,0,0,2,15,4,0,0,0,0,1,1,0,18,0,0.188,0.313,0.204
ファビアン,138,572,539,60,149,30,0,17,230,65,2,3,0,2,22,3,9,84,8,0.276,0.427,0.315
二俣　翔一,54,130,118,12,22,4,1,3,37,6,1,1,2,1,8,1,1,31,2,0.186,0.314,0.242
*塹江　敦哉,28,0,0,0,0,0,0,0,0,0,0,0,0,0,0,0,0,0,0,0,0,0
前川　誠太,28,56,54,1,10,3,0,0,13,9,0,1,0,0,2,0,0,10,3,0.185,0.241,0.214
益田　武尚,4,0,0,0,0,0,0,0,0,0,0,0,0,0,0,0,0,0,0,0,0,0
松本　竜也,4,0,0,0,0,0,0,0,0,0,0,0,0,0,0,0,0,0,0,0,0,0
*松山　竜平,1,1,1,0,0,0,0,0,0,0,0,0,0,0,0,0,0,0,1,0,0,0
モンテロ,105,396,368,23,94,21,1,9,144,41,0,0,0,3,23,2,2,89,11,0.255,0.391,0.301
*森　翔平,23,42,36,1,7,1,0,0,8,3,0,0,6,0,0,0,0,20,0,0.194,0.222,0.194
*森浦　大輔,60,0,0,0,0,0,0,0,0,0,0,0,0,0,0,0,0,0,0,0,0,0
森下　暢仁,22,50,43,1,4,0,0,0,4,0,0,0,5,0,2,0,0,19,0,0.093,0.093,0.133
*矢野　雅哉,112,335,284,24,59,6,1,1,70,19,2,3,16,2,27,1,6,69,1,0.208,0.246,0.288
山足　達也,11,14,9,2,1,0,0,0,1,1,0,0,3,0,2,0,0,0,1,0.111,0.111,0.273
渡邉　悠斗,2,8,8,0,1,0,0,0,1,1,0,0,0,0,0,0,0,0,0,0.125,0.125,0.125
アビラ,15,25,22,1,2,0,0,0,2,1,0,0,3,0,0,0,0,8,0,0.091,0.091,0.091
青柳　晃洋,3,4,4,0,0,0,0,0,0,0,0,0,0,0,0,0,0,3,0,0,0,0
赤羽　由紘,103,290,258,22,54,11,1,2,73,19,5,3,12,2,18,0,0,66,2,0.209,0.283,0.259
*石川　雅規,8,11,11,0,1,0,0,0,1,0,0,0,0,0,0,0,0,4,0,0.091,0.091,0.091
*石原　勇輝,2,0,0,0,0,0,0,0,0,0,0,0,0,0,0,0,0,0,0,0,0,0
石山　泰稚,42,0,0,0,0,0,0,0,0,0,0,0,0,0,0,0,0,0,0,0,0,0
伊藤　琉偉,87,204,184,17,38,6,2,3,57,17,3,1,7,1,12,2,0,56,1,0.207,0.31,0.254
*岩田　幸宏,126,401,357,43,95,8,5,0,113,13,14,6,13,1,24,2,6,46,2,0.266,0.317,0.322
内山　壮真,116,470,423,50,111,26,1,8,163,48,8,3,1,4,41,0,1,66,10,0.262,0.385,0.326
オスナ,141,574,528,38,135,22,0,14,199,67,4,1,0,5,40,6,1,76,13,0.256,0.377,0.307
*太田　賢吾,44,131,118,11,27,6,0,0,33,6,0,0,1,2,6,0,4,28,0,0.229,0.28,0.285
大西　広樹,50,0,0,0,0,0,0,0,0,0,0,0,0,0,0,0,0,0,0,0,0,0
小川　泰弘,13,28,22,0,1,1,0,0,2,1,0,0,5,1,0,0,0,10,0,0.045,0.091,0.043
奥川　恭伸,18,32,24,2,5,1,0,0,6,0,0,0,8,0,0,0,0,13,0,0.208,0.25,0.208
*金久保　優斗,12,1,1,0,0,0,0,0,0,0,0,0,0,0,0,0,0,1,0,0,0,0
*川端　慎吾,2,2,2,0,1,1,0,0,2,0,0,0,0,0,0,0,0,0,0,0.5,1,0.5
木澤　尚文,42,0,0,0,0,0,0,0,0,0,0,0,0,0,0,0,0,0,0,0,0,0
北村　恵吾,46,141,120,15,32,10,0,5,57,19,0,1,1,1,15,0,4,20,3,0.267,0.475,0.364
北村　拓己,62,132,116,9,22,3,0,3,34,7,0,1,6,0,6,0,4,29,1,0.19,0.293,0.254
古賀　優大,87,291,264,16,74,11,0,2,91,16,2,0,9,2,12,2,4,23,14,0.28,0.345,0.319
*小澤　怜史,25,0,0,0,0,0,0,0,0,0,0,0,0,0,0,0,0,0,0,0,0,0
サンタナ,60,240,212,25,58,11,0,3,78,15,1,1,0,0,25,0,3,65,4,0.274,0.368,0.358
*阪口　皓亮,18,0,0,0,0,0,0,0,0,0,0,0,0,0,0,0,0,0,0,0,0,0
*坂本　拓己,1,0,0,0,0,0,0,0,0,0,0,0,0,0,0,0,0,0,0,0,0,0
*澤井　廉,27,77,75,3,14,4,0,1,21,3,0,0,0,0,1,0,1,27,1,0.187,0.28,0.208
塩見　泰隆,1,0,0,0,0,0,0,0,0,0,0,0,0,0,0,0,0,0,0,0,0,0
*清水　昇,35,0,0,0,0,0,0,0,0,0,0,0,0,0,0,0,0,0,0,0,0,0
下川　隼佑,9,8,6,1,1,1,0,0,2,0,0,0,2,0,0,0,0,2,0,0.167,0.333,0.167
*荘司　宏太,45,0,0,0,0,0,0,0,0,0,0,0,0,0,0,0,0,0,0,0,0,0
鈴木　叶,2,6,6,0,2,0,0,0,2,1,0,1,0,0,0,0,0,1,0,0.333,0.333,0.333
高梨　裕稔,17,27,24,1,1,0,0,0,1,0,0,0,3,0,0,0,0,15,0,0.042,0.042,0.042
*高橋　奎二,8,11,8,0,0,0,0,0,0,0,0,0,3,0,0,0,0,6,0,0,0,0
*田口　麗斗,36,0,0,0,0,0,0,0,0,0,0,0,0,0,0,0,0,0,0,0,0,0
*武岡　龍世,47,119,104,6,19,5,0,1,27,5,1,0,7,1,7,0,0,23,0,0.183,0.26,0.232
*田中　陽翔,6,13,13,3,4,2,0,0,6,2,0,0,0,0,0,0,0,3,0,0.308,0.462,0.308
*中村　優斗,4,5,4,1,1,0,0,0,1,0,0,0,0,0,1,0,0,3,0,0.25,0.25,0.4
中村　悠平,74,221,187,13,43,6,0,1,52,11,1,0,8,1,22,2,3,30,6,0.23,0.278,0.319
*長岡　秀樹,67,261,247,20,60,14,2,0,78,13,1,0,3,2,8,1,1,21,6,0.243,0.316,0.267
並木　秀尊,54,128,114,26,29,6,1,3,46,10,6,2,6,0,6,0,2,15,0,0.254,0.404,0.303
*西川　遥輝,49,134,115,10,20,3,1,0,25,6,1,0,2,0,16,0,1,32,1,0.174,0.217,0.28
*西村　瑠伊斗,4,11,11,2,1,0,0,0,1,1,0,0,0,0,0,0,0,4,1,0.091,0.091,0.091
沼田　翔平,1,0,0,0,0,0,0,0,0,0,0,0,0,0,0,0,0,0,0,0,0,0
バウマン,16,0,0,0,0,0,0,0,0,0,0,0,0,0,0,0,0,0,0,0,0,0
*橋本　星哉,15,17,16,0,2,0,0,0,2,0,0,0,0,0,1,0,0,4,1,0.125,0.125,0.176
*長谷川　宙輝,4,0,0,0,0,0,0,0,0,0,0,0,0,0,0,0,0,0,0,0,0,0
濱田　太貴,34,104,95,13,21,6,0,4,39,9,0,0,0,0,5,0,4,26,1,0.221,0.411,0.288
星　知弥,44,0,0,0,0,0,0,0,0,0,0,0,0,0,0,0,0,0,0,0,0,0
増田　珠,75,132,116,9,27,4,2,1,38,11,1,0,2,0,10,0,4,19,2,0.233,0.328,0.315
松本　健吾,23,1,1,0,0,0,0,0,0,0,0,0,0,0,0,0,0,1,0,0,0,0
松本　直樹,18,36,34,0,6,1,0,0,7,0,0,0,0,0,2,0,0,7,3,0.176,0.206,0.222
*丸山　和郁,39,36,32,6,4,0,0,0,4,2,3,1,2,0,2,1,0,12,0,0.125,0.125,0.176
*丸山　翔大,8,0,0,0,0,0,0,0,0,0,0,0,0,0,0,0,0,0,0,0,0,0
*宮本　丈,80,106,89,4,23,4,0,0,27,9,1,0,2,0,14,1,1,20,2,0.258,0.303,0.365
*村上　宗隆,56,224,187,34,51,7,0,22,124,47,4,2,0,3,32,3,2,64,1,0.273,0.663,0.379
*茂木　栄五郎,53,172,150,12,36,2,0,5,53,16,0,3,1,0,19,1,2,48,2,0.24,0.353,0.333
矢崎　拓也,45,0,0,0,0,0,0,0,0,0,0,0,0,0,0,0,0,0,0,0,0,0
山田　哲人,108,377,338,25,78,17,0,12,131,37,3,1,0,4,33,4,2,63,8,0.231,0.388,0.3
*山野　太一,14,27,21,1,3,1,0,0,4,1,0,0,5,0,1,0,0,8,0,0.143,0.19,0.182
山野辺　翔,17,24,19,2,4,1,0,0,5,2,2,0,2,0,2,1,1,2,0,0.211,0.263,0.318
*山本　大貴,17,0,0,0,0,0,0,0,0,0,0,0,0,0,0,0,0,0,0,0,0,0
吉村　貢司郎,22,46,36,1,1,1,0,0,2,0,0,0,8,0,2,0,0,15,2,0.028,0.056,0.079
ランバート,21,31,28,1,3,0,0,0,3,1,0,0,3,0,0,0,0,13,0,0.107,0.107,0.107
石伊　雄太,85,270,235,17,52,9,0,3,70,21,0,1,16,2,14,1,3,63,6,0.221,0.298,0.272
石川　昂弥,22,75,72,6,10,2,0,1,15,5,0,1,0,0,2,0,1,27,1,0.139,0.208,0.173
石橋　康太,10,12,8,0,1,0,0,0,1,1,0,0,1,0,3,0,0,3,0,0.125,0.125,0.364
*板山　祐太郎,84,193,179,17,37,5,2,2,52,10,0,0,2,1,10,1,1,50,4,0.207,0.291,0.251
*伊藤　茉央,12,0,0,0,0,0,0,0,0,0,0,0,0,0,0,0,0,0,0,0,0,0
岩嵜　翔,4,0,0,0,0,0,0,0,0,0,0,0,0,0,0,0,0,0,0,0,0,0
ウォルターズ,3,0,0,0,0,0,0,0,0,0,0,0,0,0,0,0,0,0,0,0,0,0
*上林　誠知,134,517,486,52,131,21,4,17,211,52,27,5,6,1,20,7,4,102,3,0.27,0.434,0.303
鵜飼　航丞,30,53,53,0,10,0,0,0,10,1,1,0,0,0,0,0,0,13,1,0.189,0.189,0.189
*宇佐見　真吾,20,41,34,2,4,0,0,0,4,1,0,0,1,0,6,2,0,13,1,0.118,0.118,0.25
梅野　雄吾,26,0,0,0,0,0,0,0,0,0,0,0,0,0,0,0,0,0,0,0,0,0
*大島　洋平,59,98,95,8,23,0,0,0,23,4,4,0,0,0,3,0,0,14,0,0.242,0.242,0.265
*大野　雄大,20,41,32,0,1,0,0,0,1,0,0,0,8,0,1,0,0,19,0,0.031,0.031,0.061
*岡田　俊哉,4,1,1,0,0,0,0,0,0,0,0,0,0,0,0,0,0,1,0,0,0,0
*岡林　勇希,143,637,578,71,168,22,8,5,221,35,17,5,4,3,51,10,1,57,1,0.291,0.382,0.348
*尾田　剛樹,28,5,5,7,0,0,0,0,0,0,5,1,0,0,0,0,0,2,0,0,0,0
カリステ,61,192,176,13,40,9,1,1,54,14,1,1,1,3,12,0,0,37,4,0.227,0.307,0.272
勝野　昌慶,25,0,0,0,0,0,0,0,0,0,0,0,0,0,0,0,0,0,0,0,0,0
加藤　匠馬,47,75,64,4,15,1,0,1,19,6,0,0,9,0,2,1,0,17,2,0.234,0.297,0.258
*金丸　夢斗,15,27,23,0,0,0,0,0,0,0,0,0,4,0,0,0,0,17,0,0,0,0
*川越　誠司,28,43,37,2,7,1,0,0,8,0,0,0,0,0,4,0,2,12,0,0.189,0.216,0.302
木下　拓哉,38,122,112,7,27,3,0,2,36,8,0,0,2,0,8,2,0,20,3,0.241,0.321,0.292
草加　勝,1,1,1,0,0,0,0,0,0,0,0,0,0,0,0,0,0,1,0,0,0,0
*近藤　廉,16,0,0,0,0,0,0,0,0,0,0,0,0,0,0,0,0,0,0,0,0,0
*齋藤　綱記,42,0,0,0,0,0,0,0,0,0,0,0,0,0,0,0,0,0,0,0,0,0
佐藤　龍世,23,77,66,5,13,3,0,0,16,3,1,0,2,1,8,1,0,20,2,0.197,0.242,0.28
清水　達也,55,0,0,0,0,0,0,0,0,0,0,0,0,0,0,0,0,0,0,0,0,0
*駿太,22,18,17,2,4,0,0,0,4,0,0,1,1,0,0,0,0,7,0,0.235,0.235,0.235
*祖父江　大輔,19,0,0,0,0,0,0,0,0,0,0,0,0,0,0,0,0,0,0,0,0,0
*高橋　周平,41,101,94,1,22,5,0,0,27,8,0,0,0,0,7,1,0,21,2,0.234,0.287,0.287
髙橋　宏斗,26,54,45,2,5,0,0,0,5,0,0,0,8,0,1,0,0,17,0,0.111,0.111,0.13
田中　幹也,95,365,315,33,85,13,1,1,103,21,12,2,22,2,24,1,2,35,2,0.27,0.327,0.324
チェイビス,38,120,105,7,18,4,0,5,37,8,0,0,0,1,11,2,3,32,2,0.171,0.352,0.267
辻本　倫太郎,29,56,53,3,7,3,0,0,10,1,0,0,3,0,0,0,0,10,1,0.132,0.189,0.132
津田　啓史,5,3,3,0,0,0,0,0,0,0,0,0,0,0,0,0,0,3,0,0,0,0
*土田　龍空,20,53,51,1,7,2,0,0,9,2,0,0,0,0,2,0,0,16,2,0.137,0.176,0.17
中田　翔,26,69,63,4,10,3,0,2,19,4,0,0,0,0,6,1,0,13,1,0.159,0.302,0.232
仲地　礼亜,1,1,1,0,0,0,0,0,0,0,0,0,0,0,0,0,0,1,0,0,0,0
*根尾　昂,4,1,1,0,0,0,0,0,0,0,0,0,0,0,0,0,0,1,0,0,0,0
*橋本　侑樹,42,0,0,0,0,0,0,0,0,0,0,0,0,0,0,0,0,0,0,0,0,0
*濱　将乃介,5,4,4,0,1,0,0,0,1,1,0,0,0,0,0,0,0,1,0,0.25,0.25,0.25
*樋口　正修,33,25,22,2,2,0,0,0,2,0,5,3,2,0,1,0,0,8,0,0.091,0.091,0.13
ブライト　健太,83,157,139,17,36,10,2,3,59,20,0,2,2,0,13,0,3,40,3,0.259,0.424,0.335
*福　敬登,17,0,0,0,0,0,0,0,0,0,0,0,0,0,0,0,0,0,0,0,0,0
*福田　幸之介,1,0,0,0,0,0,0,0,0,0,0,0,0,0,0,0,0,0,0,0,0,0
福永　裕基,20,57,52,4,9,1,0,1,13,3,0,1,0,0,4,0,1,16,1,0.173,0.25,0.246
藤嶋　健人,60,0,0,0,0,0,0,0,0,0,0,0,0,0,0,0,0,0,0,0,0,0
*ボスラー,122,493,452,37,118,33,2,13,194,58,0,1,0,5,30,3,6,101,5,0.261,0.429,0.312
細川　成也,108,428,360,38,92,22,1,20,176,58,2,3,0,3,61,6,4,109,11,0.256,0.489,0.367
マラー,18,33,28,0,2,1,0,0,3,0,0,0,3,0,1,0,1,13,1,0.071,0.107,0.133
マルテ,35,0,0,0,0,0,0,0,0,0,0,0,0,0,0,0,0,0,0,0,0,0
松木平　優太,1,1,1,1,0,0,0,0,0,0,0,0,0,0,0,0,0,0,0,0,0,0
*松葉　貴大,23,44,33,1,5,0,0,0,5,0,0,0,8,0,2,0,1,8,0,0.152,0.152,0.222
松山　晋也,53,0,0,0,0,0,0,0,0,0,0,0,0,0,0,0,0,0,0,0,0,0
三浦　瑞樹,7,9,8,1,1,0,0,0,1,0,0,0,0,0,1,0,0,2,0,0.125,0.125,0.222
*味谷　大誠,3,8,7,1,1,0,0,0,1,1,0,0,0,1,0,0,0,3,0,0.143,0.143,0.125
*村松　開人,54,186,158,9,28,3,1,2,39,10,2,2,9,3,13,0,3,39,1,0.177,0.247,0.249
メヒア,25,7,7,0,2,0,0,0,2,0,0,0,0,0,0,0,0,3,0,0.286,0.286,0.286
*森　駿太,6,22,20,1,4,0,1,0,6,0,0,0,0,0,1,0,1,8,0,0.2,0.3,0.273
柳　裕也,14,26,24,0,2,0,0,0,2,0,0,0,1,0,1,0,0,11,0,0.083,0.083,0.12
山本　泰寛,112,372,347,23,84,12,2,4,112,23,3,2,14,0,10,0,1,62,5,0.242,0.323,0.265
*吉田　聖弥,5,2,1,0,0,0,0,0,0,0,0,0,1,0,0,0,0,0,0,0,0,0
ロドリゲス,20,34,29,3,6,1,0,0,7,1,0,0,1,0,4,0,0,11,1,0.207,0.241,0.303
涌井　秀章,12,16,15,1,2,0,0,0,2,0,0,0,0,0,1,0,0,10,0,0.133,0.133,0.188
*秋広　優人,22,59,53,4,11,2,0,1,16,4,0,0,0,0,5,0,1,16,1,0.208,0.302,0.288
有原　航平,26,2,1,0,0,0,0,0,0,0,0,0,1,0,0,0,0,1,0,0,0,0
*イヒネ　イツア,1,0,0,0,0,0,0,0,0,0,0,0,0,0,0,0,0,0,0,0,0,0
石塚　綜一郎,24,60,55,4,13,4,0,0,17,6,0,0,0,0,1,0,4,17,2,0.236,0.309,0.3
伊藤　優輔,5,0,0,0,0,0,0,0,0,0,0,0,0,0,0,0,0,0,0,0,0,0
井上　朋也,8,24,24,0,3,0,0,0,3,1,0,0,0,0,0,0,0,5,0,0.125,0.125,0.125
今宮　健太,46,182,161,14,41,8,1,2,57,12,0,0,6,1,12,0,2,23,7,0.255,0.354,0.313
岩井　俊介,8,0,0,0,0,0,0,0,0,0,0,0,0,0,0,0,0,0,0,0,0,0
岩崎　峻典,1,0,0,0,0,0,0,0,0,0,0,0,0,0,0,0,0,0,0,0,0,0
海野　隆司,105,281,246,24,54,11,2,0,69,21,0,0,24,0,10,1,1,76,4,0.22,0.28,0.253
上沢　直之,23,5,4,0,0,0,0,0,0,1,0,0,1,0,0,0,0,1,0,0,0,0
オスナ,26,0,0,0,0,0,0,0,0,0,0,0,0,0,0,0,0,0,0,0,0,0
*大江　竜聖,16,0,0,0,0,0,0,0,0,0,0,0,0,0,0,0,0,0,0,0,0,0
*大関　友久,24,3,2,0,0,0,0,0,0,1,0,0,1,0,0,0,0,2,0,0,0,0
*大津　亮介,12,0,0,0,0,0,0,0,0,0,0,0,0,0,0,0,0,0,0,0,0,0
*大野　稼頭央,4,0,0,0,0,0,0,0,0,0,0,0,0,0,0,0,0,0,0,0,0,0
大山　凌,26,0,0,0,0,0,0,0,0,0,0,0,0,0,0,0,0,0,0,0,0,0
*尾形　崇斗,38,0,0,0,0,0,0,0,0,0,0,0,0,0,0,0,0,0,0,0,0,0
*緒方　理貢,101,79,74,25,16,2,1,0,20,6,8,3,2,0,3,0,0,12,3,0.216,0.27,0.247
上茶谷　大河,8,0,0,0,0,0,0,0,0,0,0,0,0,0,0,0,0,0,0,0,0,0
川口　冬弥,5,0,0,0,0,0,0,0,0,0,0,0,0,0,0,0,0,0,0,0,0,0
*川瀬　晃,102,224,190,21,50,8,1,2,66,23,1,1,13,0,20,0,1,37,5,0.263,0.347,0.336
*川村　友斗,15,9,9,2,1,0,0,0,1,0,0,0,0,0,0,0,0,3,0,0.111,0.111,0.111
*木村　光,13,0,0,0,0,0,0,0,0,0,0,0,0,0,0,0,0,0,0,0,0,0
*栗原　陵矢,80,332,285,33,76,12,2,8,116,40,1,1,1,4,40,1,2,67,6,0.267,0.407,0.356
*近藤　健介,75,307,256,28,77,17,1,10,126,41,0,0,0,2,47,5,2,43,6,0.301,0.492,0.41
*笹川　吉康,26,63,61,8,13,0,0,1,16,8,2,0,0,1,0,0,1,16,1,0.213,0.262,0.222
佐藤　直樹,104,212,188,30,45,7,5,5,77,18,10,2,9,1,13,0,1,72,2,0.239,0.41,0.291
*周東　佑京,96,430,384,45,110,13,2,3,136,36,35,4,4,0,37,2,5,73,5,0.286,0.354,0.357
*庄子　雄大,26,18,17,2,4,3,0,0,7,2,1,0,0,0,1,0,0,5,0,0.235,0.412,0.278
杉山　一樹,65,0,0,0,0,0,0,0,0,0,0,0,0,0,0,0,0,0,0,0,0,0
ダウンズ,50,168,146,21,33,10,3,4,61,18,4,1,0,2,19,0,1,36,0,0.226,0.418,0.315
*谷川原　健太,48,79,72,12,19,7,0,3,35,4,0,0,0,0,6,0,1,20,0,0.264,0.486,0.329
津森　宥紀,22,0,0,0,0,0,0,0,0,0,0,0,0,0,0,0,0,0,0,0,0,0
*中村　晃,116,431,371,34,89,10,4,3,116,34,1,2,4,4,50,1,2,48,6,0.24,0.313,0.33
野村　勇,126,413,376,50,102,16,0,12,154,40,18,4,5,2,25,2,5,122,8,0.271,0.41,0.324
東浜　巨,7,0,0,0,0,0,0,0,0,0,0,0,0,0,0,0,0,0,0,0,0,0
廣瀨　隆太,30,94,85,6,19,2,0,1,24,7,1,0,1,1,7,0,0,28,2,0.224,0.282,0.28
*藤井　皓哉,51,0,0,0,0,0,0,0,0,0,0,0,0,0,0,0,0,0,0,0,0,0
藤田　悠太郎,2,0,0,0,0,0,0,0,0,0,0,0,0,0,0,0,0,0,0,0,0,0
*ヘルナンデス,42,0,0,0,0,0,0,0,0,0,0,0,0,0,0,0,0,0,0,0,0,0
*前田　純,10,2,2,0,1,0,0,0,1,2,0,0,0,0,0,0,0,1,0,0.5,0.5,0.5
*前田　悠伍,3,0,0,0,0,0,0,0,0,0,0,0,0,0,0,0,0,0,0,0,0,0
*牧原　大成,125,443,418,44,127,17,6,5,171,49,12,4,11,4,7,0,3,63,4,0.304,0.409,0.317
正木　智也,17,65,58,4,15,0,0,2,21,8,1,0,0,2,5,0,0,12,2,0.259,0.362,0.308
*松本　晴,29,4,4,0,0,0,0,0,0,0,0,0,0,0,0,0,0,3,0,0,0,0
*松本　裕樹,51,0,0,0,0,0,0,0,0,0,0,0,0,0,0,0,0,0,0,0,0,0
嶺井　博希,63,161,143,16,32,3,0,4,47,19,0,0,8,2,4,0,4,31,3,0.224,0.329,0.261
*宮﨑　颯,2,0,0,0,0,0,0,0,0,0,0,0,0,0,0,0,0,0,0,0,0,0
*モイネロ,24,5,5,0,1,0,0,0,1,0,0,0,0,0,0,0,0,3,0,0.2,0.2,0.2
*柳田　悠岐,20,78,73,12,21,3,0,4,36,9,0,0,0,0,5,1,0,13,1,0.288,0.493,0.333
*柳町　達,131,517,442,54,129,17,1,6,166,50,2,2,4,3,62,1,6,109,8,0.292,0.376,0.384
山川　穂高,130,496,443,45,100,9,0,23,178,62,0,0,0,4,45,3,4,126,7,0.226,0.402,0.3
*山本　恵大,25,80,70,8,15,1,0,2,22,6,0,0,0,0,7,0,3,17,5,0.214,0.314,0.313
リチャード,6,22,22,1,2,2,0,0,4,0,0,0,0,0,0,0,0,12,1,0.091,0.182,0.091
*渡邉　陸,24,51,45,4,10,2,0,0,12,5,1,0,0,0,5,1,1,17,0,0.222,0.267,0.314
*淺間　大基,39,108,92,4,17,2,0,2,25,7,2,0,2,0,14,0,0,19,1,0.185,0.272,0.292
有薗　直輝,12,35,31,3,7,2,0,0,9,3,0,0,0,1,2,0,1,12,1,0.226,0.29,0.286
池田　隆英,24,0,0,0,0,0,0,0,0,0,0,0,0,0,0,0,0,0,0,0,0,0
*石井　一成,108,364,332,41,86,17,3,6,127,30,3,0,8,1,23,1,0,86,1,0.259,0.383,0.306
*五十幡　亮汰,118,307,284,45,66,5,10,1,94,18,25,10,3,0,18,0,2,73,1,0.232,0.331,0.283
*伊藤　大海,27,6,6,0,0,0,0,0,0,0,0,0,0,0,0,0,0,4,0,0,0,0
今川　優馬,18,57,53,9,13,3,0,2,22,5,0,0,0,0,4,0,0,14,2,0.245,0.415,0.298
*上原　健太,27,0,0,0,0,0,0,0,0,0,0,0,0,0,0,0,0,0,0,0,0,0
梅林　優貴,2,5,5,0,0,0,0,0,0,0,0,0,0,0,0,0,0,3,0,0,0,0
*加藤　貴之,20,3,2,0,0,0,0,0,0,0,0,0,1,0,0,0,0,2,0,0,0,0
金村　尚真,28,3,3,0,0,0,0,0,0,0,0,0,0,0,0,0,0,2,0,0,0,0
*上川畑　大悟,35,81,72,4,12,3,0,0,15,5,0,0,0,0,7,0,2,9,4,0.167,0.208,0.259
*河野　竜生,32,0,0,0,0,0,0,0,0,0,0,0,0,0,0,0,0,0,0,0,0,0
北山　亘基,22,4,4,0,0,0,0,0,0,0,0,0,0,0,0,0,0,4,0,0,0,0
*清宮　幸太郎,138,577,525,63,143,25,1,12,206,65,8,1,0,5,46,0,1,85,9,0.272,0.392,0.329
畔柳　亨丞,5,0,0,0,0,0,0,0,0,0,0,0,0,0,0,0,0,0,0,0,0,0
古林　睿煬,7,0,0,0,0,0,0,0,0,0,0,0,0,0,0,0,0,0,0,0,0,0
郡司　裕也,111,422,364,46,108,15,0,10,153,42,0,0,2,5,45,0,6,71,7,0.297,0.42,0.379
ザバラ,2,0,0,0,0,0,0,0,0,0,0,0,0,0,0,0,0,0,0,0,0,0
*齋藤　友貴哉,47,0,0,0,0,0,0,0,0,0,0,0,0,0,0,0,0,0,0,0,0,0
*阪口　樂,1,1,1,0,0,0,0,0,0,0,0,0,0,0,0,0,0,1,0,0,0,0
*柴田　獅子,4,0,0,0,0,0,0,0,0,0,0,0,0,0,0,0,0,0,0,0,0,0
進藤　勇也,13,31,26,3,2,0,0,0,2,0,0,0,3,0,2,0,0,8,1,0.077,0.077,0.143
杉浦　稔大,18,0,0,0,0,0,0,0,0,0,0,0,0,0,0,0,0,0,0,0,0,0
*孫　易磊,9,0,0,0,0,0,0,0,0,0,0,0,0,0,0,0,0,0,0,0,0,0
達　孝太,16,3,3,0,0,0,0,0,0,0,0,0,0,0,0,0,0,3,0,0,0,0
田中　正義,49,0,0,0,0,0,0,0,0,0,0,0,0,0,0,0,0,0,0,0,0,0
玉井　大翔,40,0,0,0,0,0,0,0,0,0,0,0,0,0,0,0,0,0,0,0,0,0
*田宮　裕涼,79,274,245,29,62,6,1,5,85,21,2,4,7,3,18,0,1,44,4,0.253,0.347,0.303
*中島　卓也,32,30,21,4,7,0,0,0,7,1,2,0,2,0,7,0,0,7,0,0.333,0.333,0.5
生田目　翼,25,0,0,0,0,0,0,0,0,0,0,0,0,0,0,0,0,0,0,0,0,0
奈良間　大己,86,103,91,11,20,2,0,1,25,3,3,1,3,0,7,0,2,34,1,0.22,0.275,0.29
野村　佑希,101,369,339,28,91,18,1,8,135,35,1,1,0,1,26,0,3,70,4,0.268,0.398,0.325
バーヘイゲン,6,0,0,0,0,0,0,0,0,0,0,0,0,0,0,0,0,0,0,0,0,0
福島　蓮,8,0,0,0,0,0,0,0,0,0,0,0,0,0,0,0,0,0,0,0,0,0
福谷　浩司,14,0,0,0,0,0,0,0,0,0,0,0,0,0,0,0,0,0,0,0,0,0
伏見　寅威,64,175,158,7,38,5,0,2,49,11,0,0,5,0,10,0,2,34,5,0.241,0.31,0.294
*細川　凌平,16,19,16,1,2,0,0,0,2,1,2,0,2,0,1,0,0,2,0,0.125,0.125,0.176
*細野　晴希,6,0,0,0,0,0,0,0,0,0,0,0,0,0,0,0,0,0,0,0,0,0
*堀　瑞輝,2,0,0,0,0,0,0,0,0,0,0,0,0,0,0,0,0,0,0,0,0,0
マルティネス,34,73,69,6,12,3,0,1,18,8,0,0,0,1,2,0,1,25,1,0.174,0.261,0.205
松岡　洸希,3,0,0,0,0,0,0,0,0,0,0,0,0,0,0,0,0,0,0,0,0,0
松本　剛,66,185,160,13,30,4,1,0,36,7,3,4,4,0,17,0,4,24,5,0.188,0.225,0.282
万波　中正,127,465,420,48,96,23,1,20,181,56,3,3,1,0,43,6,1,125,10,0.229,0.431,0.302
水谷　瞬,87,321,296,45,82,16,3,12,140,41,6,3,1,3,18,1,3,77,1,0.277,0.473,0.322
*水野　達稀,100,332,295,32,73,10,7,7,118,39,5,0,4,2,21,0,10,69,4,0.247,0.4,0.317
宮崎　一樹,5,6,6,0,1,1,0,0,2,1,0,0,0,0,0,0,0,4,0,0.167,0.333,0.167
*宮西　尚生,31,0,0,0,0,0,0,0,0,0,0,0,0,0,0,0,0,0,0,0,0,0
*矢澤　宏太,86,182,166,20,41,5,2,1,53,18,11,2,1,1,10,0,4,46,2,0.247,0.319,0.304
柳川　大晟,37,0,0,0,0,0,0,0,0,0,0,0,0,0,0,0,0,0,0,0,0,0
山縣　秀,84,198,185,15,43,7,0,3,59,11,3,0,8,2,1,0,2,34,4,0.232,0.319,0.242
*山﨑　福也,20,7,7,0,1,0,0,0,1,2,0,0,0,0,0,0,0,1,0,0.143,0.143,0.143
山本　拓実,27,0,0,0,0,0,0,0,0,0,0,0,0,0,0,0,0,0,0,0,0,0
吉田　賢吾,47,112,106,9,23,6,1,4,43,9,0,1,0,0,5,0,1,20,5,0.217,0.406,0.259
レイエス,132,531,476,62,132,17,0,32,245,90,0,0,0,3,52,5,0,129,8,0.277,0.515,0.347
#NAME?,5,7,7,0,1,0,0,0,1,0,0,0,0,0,0,0,0,1,0,0.143,0.143,0.143
アセベド,5,12,11,1,2,0,0,1,5,2,0,0,0,0,1,0,0,3,0,0.182,0.455,0.25
愛斗,17,20,15,2,2,1,0,0,3,1,0,0,4,0,0,0,1,5,0,0.133,0.2,0.188
東妻　勇輔,6,0,0,0,0,0,0,0,0,0,0,0,0,0,0,0,0,0,0,0,0,0
池田　来翔,83,249,227,22,54,11,0,5,80,20,2,1,4,3,11,0,4,45,8,0.238,0.352,0.282
石川　柊太,19,2,2,0,0,0,0,0,0,0,0,0,0,0,0,0,0,1,0,0,0,0
石川　慎吾,14,36,35,2,3,1,0,0,4,3,0,0,0,0,1,0,0,11,0,0.086,0.114,0.111
石垣　雅海,20,20,14,0,2,1,0,0,3,0,1,0,2,0,4,1,0,5,0,0.143,0.214,0.333
*一條　力真,1,0,0,0,0,0,0,0,0,0,0,0,0,0,0,0,0,0,0,0,0,0
*上田　希由翔,66,184,166,18,35,11,0,3,55,20,0,0,1,1,15,0,1,36,3,0.211,0.331,0.279
植田　将太,5,5,5,0,1,0,0,0,1,0,0,0,0,0,0,0,0,0,1,0.2,0.2,0.2
岡　大海,65,181,157,17,43,6,1,2,57,18,3,1,2,0,16,1,6,36,1,0.274,0.363,0.363
*小川　龍成,87,202,178,14,47,2,0,0,49,13,9,3,8,1,12,0,3,33,4,0.264,0.275,0.32
*小島　和哉,24,2,2,0,0,0,0,0,0,0,0,0,0,0,0,0,0,0,0,0,0,0
小野　郁,47,0,0,0,0,0,0,0,0,0,0,0,0,0,0,0,0,0,0,0,0,0
*角中　勝也,27,53,42,3,7,0,0,1,10,5,1,0,2,1,8,0,0,9,0,0.167,0.238,0.294
唐川　侑己,2,0,0,0,0,0,0,0,0,0,0,0,0,0,0,0,0,0,0,0,0,0
河村　説人,4,0,0,0,0,0,0,0,0,0,0,0,0,0,0,0,0,0,0,0,0,0
*菊地　吏玖,21,0,0,0,0,0,0,0,0,0,0,0,0,0,0,0,0,0,0,0,0,0
*木村　優人,22,1,1,0,0,0,0,0,0,0,0,0,0,0,0,0,0,1,0,0,0,0
ゲレーロ,21,0,0,0,0,0,0,0,0,0,0,0,0,0,0,0,0,0,0,0,0,0
*サモンズ,16,0,0,0,0,0,0,0,0,0,0,0,0,0,0,0,0,0,0,0,0,0
坂井　遼,1,0,0,0,0,0,0,0,0,0,0,0,0,0,0,0,0,0,0,0,0,0
*坂本　光士郎,8,0,0,0,0,0,0,0,0,0,0,0,0,0,0,0,0,0,0,0,0,0
*佐藤　都志也,68,224,198,13,41,8,0,4,61,18,3,0,3,1,18,1,4,42,1,0.207,0.308,0.285
*澤田　圭佑,29,0,0,0,0,0,0,0,0,0,0,0,0,0,0,0,0,0,0,0,0,0
澤村　拓一,20,0,0,0,0,0,0,0,0,0,0,0,0,0,0,0,0,0,0,0,0,0
*鈴木　昭汰,29,0,0,0,0,0,0,0,0,0,0,0,0,0,0,0,0,0,0,0,0,0
ソト,102,367,330,31,76,14,0,13,129,44,0,0,0,2,32,0,3,98,6,0.23,0.391,0.302
*高野　脩汰,37,1,1,0,0,0,0,0,0,0,0,0,0,0,0,0,0,0,0,0,0,0
*髙部　瑛斗,111,384,357,49,102,15,7,2,137,34,20,4,5,5,14,0,3,49,3,0.286,0.384,0.314
*立松　由宇,4,6,6,0,0,0,0,0,0,0,0,0,0,0,0,0,0,3,0,0,0,0
*田中　晴也,13,5,5,0,1,0,0,0,1,2,0,0,0,0,0,0,0,1,0,0.2,0.2,0.2
種市　篤暉,24,2,1,0,0,0,0,0,0,0,0,0,1,0,0,0,0,1,0,0,0,0
田村　龍弘,18,43,38,1,6,0,0,1,9,3,0,0,5,0,0,0,0,10,3,0.158,0.237,0.158
茶谷　健太,43,41,36,3,8,2,0,0,10,2,0,0,2,0,3,0,0,9,0,0.222,0.278,0.282
*寺地　隆成,116,445,414,33,106,16,0,5,137,33,0,0,3,2,19,2,7,67,8,0.256,0.331,0.299
友杉　篤輝,116,319,278,28,64,11,2,1,82,15,7,7,21,2,15,1,3,45,3,0.23,0.295,0.275
中村　奨吾,20,64,59,2,11,2,0,1,16,3,0,0,0,0,4,0,1,9,0,0.186,0.271,0.25
*中村　稔弥,15,0,0,0,0,0,0,0,0,0,0,0,0,0,0,0,0,0,0,0,0,0
*中森　俊介,25,0,0,0,0,0,0,0,0,0,0,0,0,0,0,0,0,0,0,0,0,0
西川　史礁,108,444,417,42,117,27,3,3,159,37,1,0,0,3,16,0,8,85,6,0.281,0.381,0.318
西野　勇士,9,0,0,0,0,0,0,0,0,0,0,0,0,0,0,0,0,0,0,0,0,0
西村　天裕,1,0,0,0,0,0,0,0,0,0,0,0,0,0,0,0,0,0,0,0,0,0
早坂　響,9,0,0,0,0,0,0,0,0,0,0,0,0,0,0,0,0,0,0,0,0,0
*廣池　康志郎,18,0,0,0,0,0,0,0,0,0,0,0,0,0,0,0,0,0,0,0,0,0
廣畑　敦也,8,0,0,0,0,0,0,0,0,0,0,0,0,0,0,0,0,0,0,0,0,0
*藤岡　裕大,102,373,320,25,82,17,1,4,113,25,1,0,6,4,42,1,1,67,11,0.256,0.353,0.341
*藤原　恭大,107,452,409,38,111,12,6,4,147,24,15,6,4,0,33,2,6,80,3,0.271,0.359,0.335
二木　康太,1,0,0,0,0,0,0,0,0,0,0,0,0,0,0,0,0,0,0,0,0,0
ボス,22,5,5,0,1,0,0,0,1,0,0,1,0,0,0,0,0,2,1,0.2,0.2,0.2
*ポランコ,39,154,139,13,28,3,0,5,46,13,0,0,0,1,14,1,0,35,1,0.201,0.331,0.273
益田　直也,22,0,0,0,0,0,0,0,0,0,0,0,0,0,0,0,0,0,0,0,0,0
松川　虎生,6,9,8,0,0,0,0,0,0,0,0,0,0,0,1,0,0,3,1,0,0,0.111
*美馬　学,1,0,0,0,0,0,0,0,0,0,0,0,0,0,0,0,0,0,0,0,0,0
*宮崎　竜成,39,110,98,7,19,3,0,0,22,3,1,0,5,0,3,0,4,31,1,0.194,0.224,0.248
八木　彬,27,0,0,0,0,0,0,0,0,0,0,0,0,0,0,0,0,0,0,0,0,0
*安田　尚憲,93,350,317,22,77,15,0,0,92,25,1,1,0,4,25,2,4,65,6,0.243,0.29,0.303
山口　航輝,35,112,106,11,27,2,0,7,50,24,1,1,0,1,5,0,0,37,3,0.255,0.472,0.286
山本　大斗,107,417,385,40,79,18,0,11,130,33,2,0,1,1,24,0,6,112,13,0.205,0.338,0.262
横山　陸人,50,0,0,0,0,0,0,0,0,0,0,0,0,0,0,0,0,0,0,0,0,0
*吉川　悠斗,2,0,0,0,0,0,0,0,0,0,0,0,0,0,0,0,0,0,0,0,0,0
*和田　康士朗,17,10,8,4,1,1,0,0,2,1,0,1,0,1,1,0,0,2,0,0.125,0.25,0.2
浅村　栄斗,96,389,331,27,79,13,1,9,121,34,1,0,0,1,51,4,6,81,11,0.239,0.366,0.35
阿部　寿樹,43,129,105,11,23,5,1,3,39,8,1,1,1,1,22,0,0,31,1,0.219,0.371,0.352
石原　彪,31,38,32,1,3,0,0,0,3,3,0,0,3,0,3,0,0,12,0,0.094,0.094,0.171
伊藤　裕季也,51,130,117,7,25,8,1,1,38,7,2,0,2,1,9,1,1,34,3,0.214,0.325,0.273
入江　大樹,4,10,10,0,1,0,0,0,1,2,0,0,0,0,0,0,0,3,0,0.1,0.1,0.1
*内　星龍,25,1,1,0,0,0,0,0,0,0,0,0,0,0,0,0,0,1,0,0,0,0
江原　雅裕,30,0,0,0,0,0,0,0,0,0,0,0,0,0,0,0,0,0,0,0,0,0
大内　誠弥,2,1,1,0,0,0,0,0,0,0,0,0,0,0,0,0,0,1,0,0,0,0
太田　光,111,231,188,14,33,7,2,1,47,12,0,0,14,1,23,0,5,47,6,0.176,0.25,0.281
*岡島　豪郎,1,1,1,0,1,0,0,0,1,0,0,0,0,0,0,0,0,0,0,1,1,1
*小郷　裕哉,90,193,173,18,30,7,2,2,47,12,11,0,1,2,16,1,1,54,0,0.173,0.272,0.245
加治屋　蓮,54,0,0,0,0,0,0,0,0,0,0,0,0,0,0,0,0,0,0,0,0,0
*辛島　航,2,0,0,0,0,0,0,0,0,0,0,0,0,0,0,0,0,0,0,0,0,0
岸　孝之,19,3,1,0,0,0,0,0,0,0,0,0,2,0,0,0,0,1,0,0,0,0
*黒川　史陽,83,343,301,32,90,8,1,4,112,33,1,1,2,3,35,2,2,56,4,0.299,0.372,0.372
ゴンザレス,53,208,201,18,46,5,1,4,65,19,0,2,0,1,4,1,2,37,10,0.229,0.323,0.25
*古謝　樹,19,0,0,0,0,0,0,0,0,0,0,0,0,0,0,0,0,0,0,0,0,0
*小深田　大翔,124,357,299,36,65,5,2,1,77,14,28,8,16,1,40,0,1,65,1,0.217,0.258,0.311
小孫　竜二,1,0,0,0,0,0,0,0,0,0,0,0,0,0,0,0,0,0,0,0,0,0
小森　航大郎,33,80,76,8,15,1,0,1,19,3,5,0,0,1,2,0,1,21,1,0.197,0.25,0.225
今野　龍太,42,0,0,0,0,0,0,0,0,0,0,0,0,0,0,0,0,0,0,0,0,0
坂井　陽翔,1,0,0,0,0,0,0,0,0,0,0,0,0,0,0,0,0,0,0,0,0,0
柴田　大地,6,0,0,0,0,0,0,0,0,0,0,0,0,0,0,0,0,0,0,0,0,0
*島内　宏明,5,11,10,0,0,0,0,0,0,0,0,0,0,0,1,0,0,3,0,0,0,0.091
荘司　康誠,13,0,0,0,0,0,0,0,0,0,0,0,0,0,0,0,0,0,0,0,0,0
*鈴木　翔天,46,0,0,0,0,0,0,0,0,0,0,0,0,0,0,0,0,0,0,0,0,0
*鈴木　大地,93,198,172,13,41,3,2,2,54,23,1,0,1,1,13,1,11,29,5,0.238,0.314,0.33
*宋　家豪,10,0,0,0,0,0,0,0,0,0,0,0,0,0,0,0,0,0,0,0,0,0
*ターリー,2,0,0,0,0,0,0,0,0,0,0,0,0,0,0,0,0,0,0,0,0,0
泰　勝利,6,0,0,0,0,0,0,0,0,0,0,0,0,0,0,0,0,0,0,0,0,0
瀧中　瞭太,15,3,0,2,0,0,0,0,0,0,0,0,0,0,3,0,0,0,0,0,0,1
*辰己　涼介,114,422,367,36,88,12,2,7,125,32,20,0,1,5,40,0,9,91,12,0.24,0.341,0.325
#NAME?,19,18,18,5,1,0,0,0,1,1,1,0,0,0,0,0,0,8,0,0.056,0.056,0.056
*田中　貴也,12,5,3,0,1,0,0,0,1,0,0,0,1,0,1,0,0,2,0,0.333,0.333,0.5
津留﨑　大成,17,0,0,0,0,0,0,0,0,0,0,0,0,0,0,0,0,0,0,0,0,0
中込　陽翔,7,0,0,0,0,0,0,0,0,0,0,0,0,0,0,0,0,0,0,0,0,0
*中島　大輔,124,491,462,51,123,11,5,6,162,31,22,4,8,2,17,0,2,75,4,0.266,0.351,0.294
*西垣　雅矢,63,0,0,0,0,0,0,0,0,0,0,0,0,0,0,0,0,0,0,0,0,0
西口　直人,52,0,0,0,0,0,0,0,0,0,0,0,0,0,0,0,0,0,0,0,0,0
*則本　昂大,56,0,0,0,0,0,0,0,0,0,0,0,0,0,0,0,0,0,0,0,0,0
ハワード,9,3,3,0,0,0,0,0,0,0,0,0,0,0,0,0,0,2,0,0,0,0
*早川　隆久,12,3,3,0,0,0,0,0,0,0,0,0,0,0,0,0,0,2,0,0,0,0
*林　優樹,1,0,0,0,0,0,0,0,0,0,0,0,0,0,0,0,0,0,0,0,0,0
日當　直喜,1,0,0,0,0,0,0,0,0,0,0,0,0,0,0,0,0,0,0,0,0,0
フランコ,101,347,317,21,75,9,0,7,105,32,0,1,0,5,24,1,1,65,6,0.237,0.331,0.288
*藤井　聖,22,4,2,0,0,0,0,0,0,0,0,0,2,0,0,0,0,1,0,0,0,0
藤平　尚真,62,0,0,0,0,0,0,0,0,0,0,0,0,0,0,0,0,0,0,0,0,0
ボイト,67,276,243,29,73,9,0,13,121,39,0,0,0,0,27,2,6,59,5,0.3,0.498,0.384
*堀内　謙伍,76,194,168,16,43,3,1,3,57,18,1,0,8,1,17,1,0,39,3,0.256,0.339,0.323
松井　友飛,13,1,1,0,0,0,0,0,0,0,0,0,0,0,0,0,0,1,0,0,0,0
松田　啄磨,1,0,0,0,0,0,0,0,0,0,0,0,0,0,0,0,0,0,0,0,0,0
宮森　智志,10,0,0,0,0,0,0,0,0,0,0,0,0,0,0,0,0,0,0,0,0,0
*武藤　敦貴,62,130,108,21,22,3,2,0,29,10,3,2,4,2,14,0,2,31,0,0.204,0.269,0.302
*宗山　塁,122,460,430,32,112,19,3,3,146,27,7,0,0,9,20,2,1,82,10,0.26,0.34,0.289
村林　一輝,137,557,513,41,144,14,0,3,167,51,6,2,10,3,28,2,3,102,14,0.281,0.326,0.32
#NAME?,14,2,2,0,0,0,0,0,0,0,0,0,0,0,0,0,0,2,0,0,0,0
*陽　柏翔,2,2,2,0,1,0,0,0,1,0,0,0,0,0,0,0,0,1,0,0.5,0.5,0.5
吉野　創士,5,13,13,0,3,0,0,0,3,2,0,0,0,0,0,0,0,2,1,0.231,0.231,0.231
*吉納　翼,2,3,3,0,0,0,0,0,0,0,0,0,0,0,0,0,0,2,0,0,0,0
渡辺　翔太,26,0,0,0,0,0,0,0,0,0,0,0,0,0,0,0,0,0,0,0,0,0
*渡邊　佳明,75,166,147,7,41,4,0,0,45,19,0,0,1,6,12,0,0,17,4,0.279,0.306,0.321
東　晃平,6,5,5,0,0,0,0,0,0,0,0,0,0,0,0,0,0,3,0,0,0,0
*阿部　翔太,16,0,0,0,0,0,0,0,0,0,0,0,0,0,0,0,0,0,0,0,0,0
井口　和朋,5,0,0,0,0,0,0,0,0,0,0,0,0,0,0,0,0,0,0,0,0,0
石川　亮,1,1,1,0,0,0,0,0,0,0,0,0,0,0,0,0,0,1,0,0,0,0
入山　海斗,15,0,0,0,0,0,0,0,0,0,0,0,0,0,0,0,0,0,0,0,0,0
岩嵜　翔,37,0,0,0,0,0,0,0,0,0,0,0,0,0,0,0,0,0,0,0,0,0
エスピノーザ,23,1,1,0,0,0,0,0,0,0,0,0,0,0,0,0,0,1,0,0,0,0
オリバレス,11,35,33,1,6,1,0,0,7,0,1,0,0,0,2,0,0,8,0,0.182,0.212,0.229
*大里　昂生,46,101,85,12,19,0,2,0,23,7,4,2,4,1,11,0,0,15,0,0.224,0.271,0.309
大城　滉二,66,79,68,12,17,0,0,0,17,6,2,0,4,0,6,0,1,20,0,0.25,0.25,0.32
太田　椋,113,496,448,42,127,10,0,10,167,52,0,2,6,4,33,3,5,102,12,0.283,0.373,0.337
*片山　楽生,21,0,0,0,0,0,0,0,0,0,0,0,0,0,0,0,0,0,0,0,0,0
川瀬　堅斗,23,0,0,0,0,0,0,0,0,0,0,0,0,0,0,0,0,0,0,0,0,0
*来田　涼斗,50,135,124,14,29,5,0,2,40,5,5,0,2,1,7,0,1,38,1,0.234,0.323,0.278
九里　亜蓮,25,1,0,0,0,0,0,0,0,0,0,0,1,0,0,0,0,0,0,0,0,0
紅林　弘太郎,116,447,400,36,104,20,1,9,153,43,1,2,4,5,35,2,3,57,15,0.26,0.383,0.321
元　謙太,31,10,7,6,1,0,0,0,1,0,0,0,1,0,2,0,0,3,0,0.143,0.143,0.333
古田島　成龍,20,0,0,0,0,0,0,0,0,0,0,0,0,0,0,0,0,0,0,0,0,0
権田　琉成,9,0,0,0,0,0,0,0,0,0,0,0,0,0,0,0,0,0,0,0,0,0
才木　海翔,38,0,0,0,0,0,0,0,0,0,0,0,0,0,0,0,0,0,0,0,0,0
*佐藤　一磨,3,0,0,0,0,0,0,0,0,0,0,0,0,0,0,0,0,0,0,0,0,0
*杉澤　龍,14,16,15,0,3,1,0,0,4,2,0,1,1,0,0,0,0,4,0,0.2,0.267,0.2
杉本　裕太郎,119,455,401,48,104,15,2,16,171,53,1,0,0,7,38,1,9,123,8,0.259,0.426,0.332
*曽谷　龍平,21,4,4,0,0,0,0,0,0,0,0,0,0,0,0,0,0,2,0,0,0,0
髙島　泰都,22,0,0,0,0,0,0,0,0,0,0,0,0,0,0,0,0,0,0,0,0,0
*田嶋　大樹,18,3,3,1,0,0,0,0,0,0,0,0,0,0,0,0,0,2,0,0,0,0
*茶野　篤政,3,12,12,0,2,0,0,0,2,0,0,0,0,0,0,0,0,0,0,0.167,0.167,0.167
ディアス,50,138,127,6,29,4,0,2,39,6,0,0,0,0,11,0,0,31,5,0.228,0.307,0.29
寺西　成騎,11,0,0,0,0,0,0,0,0,0,0,0,0,0,0,0,0,0,0,0,0,0
*東松　快征,7,0,0,0,0,0,0,0,0,0,0,0,0,0,0,0,0,0,0,0,0,0
*富山　凌雅,5,0,0,0,0,0,0,0,0,0,0,0,0,0,0,0,0,0,0,0,0,0
頓宮　裕真,129,525,473,41,118,20,0,13,177,54,1,0,0,4,43,2,5,81,10,0.249,0.374,0.316
中川　圭太,119,463,433,54,123,26,1,12,187,53,10,2,5,4,20,1,1,49,9,0.284,0.432,0.314
*西川　龍馬,96,412,387,29,120,23,1,5,160,40,4,1,4,1,18,2,2,60,5,0.31,0.413,0.343
*西野　真弘,75,252,230,27,66,9,3,7,102,35,0,0,6,0,15,0,1,17,4,0.287,0.443,0.333
*野口　智哉,33,64,55,10,8,5,1,1,18,3,0,1,0,0,6,0,3,16,0,0.145,0.327,0.266
平野　佳寿,3,0,0,0,0,0,0,0,0,0,0,0,0,0,0,0,0,0,0,0,0,0
廣岡　大志,118,453,402,43,102,15,1,7,140,34,9,7,8,4,39,0,0,90,9,0.254,0.348,0.317
博志,15,0,0,0,0,0,0,0,0,0,0,0,0,0,0,0,0,0,0,0,0,0
*福田　周平,23,64,54,2,9,1,0,0,10,3,1,0,6,0,4,0,0,9,2,0.167,0.185,0.224
福永　奨,39,74,66,5,10,2,1,1,17,6,0,0,1,1,4,0,2,23,1,0.152,0.258,0.219
ペルドモ,51,0,0,0,0,0,0,0,0,0,0,0,0,0,0,0,0,0,0,0,0,0
堀　柊那,3,3,3,0,1,0,0,0,1,0,0,0,0,0,0,0,0,1,0,0.333,0.333,0.333
本田　圭佑,9,0,0,0,0,0,0,0,0,0,0,0,0,0,0,0,0,0,0,0,0,0
マチャド,58,0,0,0,0,0,0,0,0,0,0,0,0,0,0,0,0,0,0,0,0,0
*宮城　大弥,23,4,3,0,0,0,0,0,0,0,0,0,0,0,1,0,0,0,0,0,0,0.25
*麦谷　祐介,79,153,134,23,31,4,2,1,42,10,12,6,1,1,16,0,1,39,0,0.231,0.313,0.316
椋木　蓮,12,0,0,0,0,0,0,0,0,0,0,0,0,0,0,0,0,0,0,0,0,0
*宗　佑磨,98,388,349,33,82,12,1,6,114,28,3,4,3,1,26,1,9,48,4,0.235,0.327,0.304
*森　友哉,50,191,161,16,33,8,0,1,44,14,0,0,0,1,26,1,3,31,0,0.205,0.273,0.325
*山岡　泰輔,41,0,0,0,0,0,0,0,0,0,0,0,0,0,0,0,0,0,0,0,0,0
山口　廉王,1,0,0,0,0,0,0,0,0,0,0,0,0,0,0,0,0,0,0,0,0,0
山﨑　颯一郎,28,0,0,0,0,0,0,0,0,0,0,0,0,0,0,0,0,0,0,0,0,0
山下　舜平大,4,0,0,0,0,0,0,0,0,0,0,0,0,0,0,0,0,0,0,0,0,0
*山田　修義,28,0,0,0,0,0,0,0,0,0,0,0,0,0,0,0,0,0,0,0,0,0
*山中　稜真,19,52,49,2,6,1,1,1,12,3,0,0,0,0,3,0,0,9,2,0.122,0.245,0.173
#NAME?,14,0,0,0,0,0,0,0,0,0,0,0,0,0,0,0,0,0,0,0,0,0
*横山　聖哉,2,2,2,0,0,0,0,0,0,0,0,0,0,0,0,0,0,1,0,0,0,0
若月　健矢,121,400,368,30,100,16,2,6,138,31,2,0,8,1,16,0,7,61,7,0.272,0.375,0.314
*渡部　遼人,51,14,10,9,2,0,0,0,2,0,2,0,1,0,2,0,1,4,0,0.2,0.2,0.385
青山　美夏人,2,0,0,0,0,0,0,0,0,0,0,0,0,0,0,0,0,0,0,0,0,0
糸川　亮太,13,0,0,0,0,0,0,0,0,0,0,0,0,0,0,0,0,0,0,0,0,0
今井　達也,24,6,6,0,0,0,0,0,0,0,0,0,0,0,0,0,0,4,0,0,0,0
ウィンゲンター,49,0,0,0,0,0,0,0,0,0,0,0,0,0,0,0,0,0,0,0,0,0
上田　大河,4,0,0,0,0,0,0,0,0,0,0,0,0,0,0,0,0,0,0,0,0,0
*甲斐野　央,47,0,0,0,0,0,0,0,0,0,0,0,0,0,0,0,0,0,0,0,0,0
岸　潤一郎,10,31,30,2,5,3,0,0,8,0,0,0,0,0,1,0,0,3,0,0.167,0.267,0.194
*栗山　巧,11,23,23,0,2,0,0,0,2,0,0,0,0,0,0,0,0,7,1,0.087,0.087,0.087
*黒木　優太,29,0,0,0,0,0,0,0,0,0,0,0,0,0,0,0,0,0,0,0,0,0
黒田　将矢,8,0,0,0,0,0,0,0,0,0,0,0,0,0,0,0,0,0,0,0,0,0
*源田　壮亮,104,361,320,21,67,11,5,0,88,20,8,5,11,3,25,0,2,60,4,0.209,0.275,0.269
古賀　悠斗,112,328,289,26,66,8,0,7,95,21,1,1,7,0,32,0,0,62,9,0.228,0.329,0.305
児玉　亮涼,60,53,47,9,8,2,0,0,10,3,1,2,1,0,4,0,1,9,0,0.17,0.213,0.25
齋藤　大翔,4,12,11,0,1,0,0,0,1,0,0,1,0,0,1,0,0,3,1,0.091,0.091,0.167
*佐々木　健,15,0,0,0,0,0,0,0,0,0,0,0,0,0,0,0,0,0,0,0,0,0
*佐藤　隼輔,20,0,0,0,0,0,0,0,0,0,0,0,0,0,0,0,0,0,0,0,0,0
*佐藤　太陽,13,34,30,2,5,1,1,0,8,3,0,0,1,0,2,0,1,7,0,0.167,0.267,0.242
篠原　響,2,0,0,0,0,0,0,0,0,0,0,0,0,0,0,0,0,0,0,0,0,0
*菅井　信也,11,0,0,0,0,0,0,0,0,0,0,0,0,0,0,0,0,0,0,0,0,0
*杉山　遙希,1,0,0,0,0,0,0,0,0,0,0,0,0,0,0,0,0,0,0,0,0,0
炭谷　銀仁朗,40,88,81,4,19,4,0,0,23,4,0,1,3,0,3,0,1,18,3,0.235,0.284,0.271
*隅田　知一郎,23,2,1,0,0,0,0,0,0,0,0,0,1,0,0,0,0,0,0,0,0,0
セデーニョ,74,243,224,13,51,6,1,7,80,26,0,0,0,2,15,0,2,50,9,0.228,0.357,0.28
*平良　海馬,54,0,0,0,0,0,0,0,0,0,0,0,0,0,0,0,0,0,0,0,0,0
髙橋　光成,24,5,4,0,1,0,0,0,1,0,0,0,1,0,0,0,0,2,0,0.25,0.25,0.25
*髙松　渡,27,19,17,4,1,0,0,0,1,0,7,1,2,0,0,0,0,8,0,0.059,0.059,0.059
*滝澤　夏央,125,438,385,31,90,4,0,0,94,14,21,7,23,0,28,0,2,67,2,0.234,0.244,0.289
*武内　夏暉,12,5,2,0,0,0,0,0,0,1,0,0,1,1,1,0,0,2,0,0,0,0.25
*田村　伊知郎,20,0,0,0,0,0,0,0,0,0,0,0,0,0,0,0,0,0,0,0,0,0
柘植　世那,13,17,16,2,2,0,0,0,2,0,0,0,0,0,1,0,0,4,0,0.125,0.125,0.176
デービス,36,131,113,8,23,3,0,3,35,9,0,0,0,0,17,0,1,24,4,0.204,0.31,0.313
外崎　修汰,115,415,359,29,84,13,1,5,114,34,6,2,5,8,39,3,4,72,11,0.234,0.318,0.31
#NAME?,60,96,87,14,20,2,0,0,22,3,1,3,3,0,4,0,2,13,2,0.23,0.253,0.28
*仲三河　優太,5,10,9,0,2,0,1,0,4,5,0,0,0,1,0,0,0,6,0,0.222,0.444,0.2
中村　剛也,44,110,96,3,23,5,0,3,37,10,0,0,0,0,13,2,1,28,2,0.24,0.385,0.336
中村　祐太,20,0,0,0,0,0,0,0,0,0,0,0,0,0,0,0,0,0,0,0,0,0
*西川　愛也,124,553,507,64,134,26,3,10,196,38,25,7,2,3,32,1,9,80,4,0.264,0.387,0.318
ネビン,137,570,509,51,141,24,0,21,228,63,2,1,0,5,45,6,11,78,13,0.277,0.448,0.346
野村　大樹,13,36,35,1,6,1,0,0,7,2,0,0,1,0,0,0,0,9,0,0.171,0.2,0.171
長谷川　信哉,132,450,400,42,90,16,3,6,130,36,9,4,9,5,33,1,3,56,11,0.225,0.325,0.286
*羽田　慎之介,24,0,0,0,0,0,0,0,0,0,0,0,0,0,0,0,0,0,0,0,0,0
*浜屋　将太,16,0,0,0,0,0,0,0,0,0,0,0,0,0,0,0,0,0,0,0,0,0
*平沢　大河,7,17,17,1,1,1,0,0,2,0,0,0,0,0,0,0,0,4,0,0.059,0.118,0.059
*平沼　翔太,60,164,156,13,34,3,1,0,39,11,5,0,1,1,4,1,2,32,0,0.218,0.25,0.245
*蛭間　拓哉,12,37,34,0,6,0,0,0,6,0,0,0,2,0,1,0,0,8,0,0.176,0.176,0.2
古市　尊,10,19,18,1,8,0,0,0,8,0,0,0,0,0,1,0,0,1,0,0.444,0.444,0.474
古川　雄大,5,16,12,1,1,0,0,0,1,0,0,1,0,0,4,0,0,4,1,0.083,0.083,0.313
ボー・タカハシ,4,0,0,0,0,0,0,0,0,0,0,0,0,0,0,0,0,0,0,0,0,0
*牧野　翔矢,29,67,61,3,13,0,1,0,15,0,1,0,4,0,2,0,0,22,0,0.213,0.246,0.238
*松原　聖弥,8,24,22,1,6,1,0,0,7,0,0,0,2,0,0,0,0,6,0,0.273,0.318,0.273
松本　航,3,0,0,0,0,0,0,0,0,0,0,0,0,0,0,0,0,0,0,0,0,0
豆田　泰志,3,0,0,0,0,0,0,0,0,0,0,0,0,0,0,0,0,0,0,0,0,0
水上　由伸,5,0,0,0,0,0,0,0,0,0,0,0,0,0,0,0,0,0,0,0,0,0
村田　怜音,23,85,82,3,16,4,0,2,26,9,0,0,0,0,2,0,1,32,2,0.195,0.317,0.224
モンテル,12,11,11,1,1,0,0,0,1,0,1,0,0,0,0,0,0,5,0,0.091,0.091,0.091
*元山　飛優,49,93,85,3,13,8,0,0,21,5,0,0,7,0,1,0,0,15,1,0.153,0.247,0.163
山田　陽翔,49,0,0,0,0,0,0,0,0,0,0,0,0,0,0,0,0,0,0,0,0,0
山野辺　翔,5,3,3,1,0,0,0,0,0,0,1,0,0,0,0,0,0,1,0,0,0,0
*山村　崇嘉,71,231,211,14,52,8,1,4,74,20,0,3,1,3,14,0,2,36,2,0.246,0.351,0.296
與座　海人,16,2,2,0,0,0,0,0,0,0,0,0,0,0,0,0,0,2,0,0,0,0
Ｅ．ラミレス,27,0,0,0,0,0,0,0,0,0,0,0,0,0,0,0,0,0,0,0,0,0
渡部　聖弥,109,452,425,42,110,16,3,12,168,43,2,3,0,2,21,2,4,85,11,0.259,0.395,0.299
渡邉　勇太朗,23,2,2,0,0,0,0,0,0,0,0,0,0,0,0,0,0,0,0,0,0,0
