Rank,Name,Team,WAR,G,GS,GR,GF,CG,SHO,W,L,S,HD,IP,ER,R,rRA,TBF,H,2B,3B,HR,BB,HP,IB,SO,ROE,BK,WP,ERA,RA9,rRA9,rRA9pf,FIP,WHIP,WAR2
,,,,,,,,,,,,,,,,,,,,,,,,,,,,,,,,,,,,
1,폰세,25,8.38,29,29,0,0,0,0,17,1,0,0,180.2,38,41,38.6,697,128,18,0,10,41,6,0,252,3,3,7,1.89,2.04,1.92,2,1.92,0.94,8.38
,,P,,,,,,,,,,,,,,,,,,,,,,,,,,,,,,,,,,
2,후라도,25,7.57,30,30,0,3,3,2,15,8,0,0,197.1,57,65,64.5,786,177,17,3,17,36,4,0,142,5,0,3,2.6,2.96,2.94,2.67,3.79,1.08,7.57
,,P,,,,,,,,,,,,,,,,,,,,,,,,,,,,,,,,,,
3,네일,25,6.59,27,27,0,0,0,0,8,4,0,0,164.1,41,46,45.3,664,135,18,1,6,41,15,0,152,9,0,4,2.25,2.52,2.48,2.51,3.13,1.07,6.59
,,P,,,,,,,,,,,,,,,,,,,,,,,,,,,,,,,,,,
4,앤더슨,25,6.54,30,30,0,0,0,0,12,7,0,0,171.2,43,53,51.1,694,121,17,1,13,51,9,1,245,6,0,10,2.25,2.78,2.68,2.64,2.37,1,6.54
,,P,,,,,,,,,,,,,,,,,,,,,,,,,,,,,,,,,,
5,와이스,25,5.95,30,30,0,0,0,0,16,5,0,0,178.2,57,63,62.3,725,127,30,1,13,56,13,0,207,7,2,5,2.87,3.17,3.14,3.07,3.12,1.02,5.95
,,P,,,,,,,,,,,,,,,,,,,,,,,,,,,,,,,,,,
6,잭로그,25,5.34,30,29,1,0,0,0,10,8,0,1,176,55,66,63.55,722,146,25,4,8,39,17,0,156,15,0,4,2.81,3.38,3.25,3.37,3.26,1.05,5.34
,,P,,,,,,,,,,,,,,,,,,,,,,,,,,,,,,,,,,
7,치리노스,25,5.21,30,30,0,0,0,0,13,6,0,0,177,65,71,65.5,737,173,26,1,5,36,9,0,137,5,0,4,3.31,3.61,3.33,3.45,3.13,1.18,5.21
,,P,,,,,,,,,,,,,,,,,,,,,,,,,,,,,,,,,,
8,원태인,25,4.91,27,27,0,0,0,0,12,4,0,0,166.2,60,66,65,671,157,32,2,20,27,6,1,108,6,0,1,3.24,3.56,3.51,3.43,4.36,1.1,4.91
,,P,,,,,,,,,,,,,,,,,,,,,,,,,,,,,,,,,,
9,임찬규,25,4.9,27,27,0,1,1,1,11,7,0,0,160.1,54,61,57.25,670,163,38,3,9,40,6,1,107,8,0,1,3.03,3.42,3.21,3.35,3.82,1.27,4.9
,,P,,,,,,,,,,,,,,,,,,,,,,,,,,,,,,,,,,
10,라일리,25,4.34,30,30,0,0,0,0,17,7,0,0,172,66,76,72.9,709,136,25,2,18,56,3,0,216,15,0,5,3.45,3.98,3.81,3.78,3.12,1.12,4.34
,,P,,,,,,,,,,,,,,,,,,,,,,,,,,,,,,,,,,
11,화이트,25,4.24,24,24,0,1,1,0,11,4,0,0,134.2,43,51,49.45,562,111,17,2,9,44,8,1,137,11,0,6,2.87,3.41,3.3,3.2,3.38,1.15,4.24
,,P,,,,,,,,,,,,,,,,,,,,,,,,,,,,,,,,,,
12,고영표,25,4.17,29,26,3,2,1,1,11,8,0,0,161,59,70,68.3,685,170,31,2,10,30,15,2,154,10,1,4,3.3,3.91,3.82,3.65,3.14,1.24,4.17
,,P,,,,,,,,,,,,,,,,,,,,,,,,,,,,,,,,,,
13,류현진,25,4.03,26,26,0,0,0,0,9,7,0,0,139.1,50,54,53.5,574,144,22,3,12,25,4,2,122,4,0,2,3.23,3.49,3.46,3.46,3.37,1.21,4.03
,,P,,,,,,,,,,,,,,,,,,,,,,,,,,,,,,,,,,
14,손주영,25,3.82,30,27,3,0,0,0,11,6,0,0,153,58,67,62.7,644,153,20,2,8,49,4,0,132,14,0,6,3.41,3.94,3.69,3.85,3.49,1.32,3.82
,,P,,,,,,,,,,,,,,,,,,,,,,,,,,,,,,,,,,
15,소형준,25,3.72,26,24,2,1,0,0,10,7,1,0,147.1,54,60,58.8,617,155,24,3,6,29,3,1,123,5,0,4,3.3,3.67,3.59,3.59,2.99,1.25,3.72
,,P,,,,,,,,,,,,,,,,,,,,,,,,,,,,,,,,,,
16,올러,25,3.61,26,26,0,1,1,0,11,7,0,0,149,60,64,62.8,620,125,25,3,8,47,8,0,169,6,0,2,3.62,3.87,3.79,3.9,2.9,1.15,3.61
,,P,,,,,,,,,,,,,,,,,,,,,,,,,,,,,,,,,,
17,송승기,25,3.55,28,27,1,0,0,0,11,6,0,0,144,56,61,59.75,629,149,25,1,15,49,1,0,125,7,0,2,3.5,3.81,3.73,3.82,4.1,1.38,3.55
,,P,,,,,,,,,,,,,,,,,,,,,,,,,,,,,,,,,,
18,데이비슨,25,3.38,22,22,0,0,0,0,10,5,0,0,123.1,50,53,51.8,529,123,20,2,10,48,5,0,119,2,1,4,3.65,3.87,3.78,3.64,3.85,1.39,3.38
,,P,,,,,,,,,,,,,,,,,,,,,,,,,,,,,,,,,,
19,조병현,25,3.37,69,0,69,55,0,0,5,4,30,0,67.1,12,13,15.25,255,42,7,0,5,18,0,2,79,0,0,1,1.6,1.74,2.04,1.94,2.63,0.89,3.37
,,P,,,,,,,,,,,,,,,,,,,,,,,,,,,,,,,,,,
20,오원석,25,3.35,25,25,0,0,0,0,11,8,0,0,132.1,54,60,55.75,565,130,25,1,10,52,4,1,113,5,0,5,3.67,4.08,3.79,3.72,4.04,1.38,3.35
,,P,,,,,,,,,,,,,,,,,,,,,,,,,,,,,,,,,,
21,노경은,25,3.13,77,0,77,6,0,0,3,6,3,35,80,19,22,25.05,320,60,10,0,2,25,3,5,68,3,0,3,2.14,2.48,2.82,2.73,3.05,1.06,3.13
,,P,,,,,,,,,,,,,,,,,,,,,,,,,,,,,,,,,,
22,나균안,25,3.01,28,26,2,1,0,0,3,7,0,0,137.1,59,67,62.65,601,143,23,3,13,50,5,0,116,6,0,3,3.87,4.39,4.11,4.11,4.22,1.41,3.01
,,P,,,,,,,,,,,,,,,,,,,,,,,,,,,,,,,,,,
,,,,,,,,,,,,,,,,,,,,,,,,,,,,,,,,,,,,
23,알칸타라,25,3,19,19,0,0,0,0,8,4,0,0,121,44,50,50,492,125,20,3,11,10,4,0,92,6,0,3,3.27,3.72,3.72,3.8,3.47,1.12,3
,,P,,,,,,,,,,,,,,,,,,,,,,,,,,,,,,,,,,
24,이로운,25,2.85,75,0,75,5,0,0,6,5,1,33,77,17,19,23.85,305,56,4,1,7,26,0,5,66,1,0,2,1.99,2.22,2.79,2.72,3.77,1.06,2.85
,,P,,,,,,,,,,,,,,,,,,,,,,,,,,,,,,,,,,
25,콜어빈,25,2.57,28,28,0,0,0,0,8,12,0,0,144.2,72,80,72.45,649,142,26,3,9,79,18,1,128,8,0,6,4.48,4.98,4.51,4.56,4.59,1.53,2.57
,,P,,,,,,,,,,,,,,,,,,,,,,,,,,,,,,,,,,
26,한승혁,25,2.54,71,0,71,10,0,0,3,3,3,16,64,16,18,18.4,269,56,5,1,4,23,7,1,53,4,0,3,2.25,2.53,2.59,2.52,4.09,1.23,2.54
,,P,,,,,,,,,,,,,,,,,,,,,,,,,,,,,,,,,,
27,가라비토,25,2.54,15,15,0,0,0,0,4,4,0,0,78.1,23,31,29.45,327,56,5,0,6,37,6,1,84,3,0,2,2.64,3.56,3.38,3.17,3.91,1.19,2.54
,,P,,,,,,,,,,,,,,,,,,,,,,,,,,,,,,,,,,
28,문동주,25,2.53,24,23,1,2,1,0,11,5,0,0,121,54,57,55.8,501,112,16,5,7,31,3,0,135,2,0,11,4.02,4.24,4.15,4.17,2.72,1.18,2.53
,,P,,,,,,,,,,,,,,,,,,,,,,,,,,,,,,,,,,
29,헤이수스,25,2.47,32,30,2,0,0,0,9,9,0,1,163.2,72,85,82.25,712,173,22,2,17,44,8,0,165,10,2,7,3.96,4.67,4.52,4.7,3.65,1.33,2.47
,,P,,,,,,,,,,,,,,,,,,,,,,,,,,,,,,,,,,
30,로건,25,2.41,32,31,1,0,0,0,7,12,0,0,173,87,98,94.05,770,180,30,2,18,67,10,3,149,14,0,6,4.53,5.1,4.89,4.86,4.39,1.43,2.41
,,P,,,,,,,,,,,,,,,,,,,,,,,,,,,,,,,,,,
31,감보아,25,2.35,19,19,0,0,0,0,7,8,0,0,108,43,54,52.45,475,97,16,0,6,49,4,0,117,14,0,5,3.58,4.5,4.37,4.16,3.44,1.35,2.35
,,P,,,,,,,,,,,,,,,,,,,,,,,,,,,,,,,,,,
32,곽빈,25,2.01,19,19,0,0,0,0,5,7,0,0,109.1,51,55,52.95,465,96,23,3,9,41,2,0,107,8,0,5,4.2,4.53,4.36,4.5,3.71,1.25,2.01
,,P,,,,,,,,,,,,,,,,,,,,,,,,,,,,,,,,,,
33,김민,25,1.99,70,0,70,6,0,0,5,2,1,22,63.2,21,23,21.6,266,60,7,0,7,17,6,2,65,4,0,4,2.97,3.25,3.05,3.03,3.83,1.21,1.99
,,P,,,,,,,,,,,,,,,,,,,,,,,,,,,,,,,,,,
34,김서현,25,1.99,69,0,69,52,0,0,2,4,33,2,66,23,23,25.75,280,52,7,3,4,31,8,3,71,1,0,7,3.14,3.14,3.51,3.55,3.7,1.26,1.99
,,P,,,,,,,,,,,,,,,,,,,,,,,,,,,,,,,,,,
35,성영탁,25,1.99,45,0,45,5,0,0,3,2,0,7,52.1,9,11,13.9,198,38,6,0,2,13,0,0,30,4,0,1,1.55,1.89,2.39,2.5,3.74,0.97,1.99
,,P,,,,,,,,,,,,,,,,,,,,,,,,,,,,,,,,,,
36,박세웅,25,1.95,29,28,1,0,0,0,11,13,0,0,160.2,88,99,93.7,722,183,46,1,15,54,8,0,156,9,1,14,4.93,5.55,5.25,5.14,3.84,1.48,1.95
,,P,,,,,,,,,,,,,,,,,,,,,,,,,,,,,,,,,,
37,신민혁,25,1.93,28,28,0,1,1,0,6,3,0,0,132,70,76,73.1,568,148,18,2,23,26,6,1,84,6,0,3,4.77,5.18,4.98,4.8,5.18,1.32,1.93
,,P,,,,,,,,,,,,,,,,,,,,,,,,,,,,,,,,,,
38,로젠버그,25,1.79,13,13,0,0,0,0,4,4,0,0,75.1,27,33,31.1,320,63,13,2,5,25,4,0,80,7,0,2,3.23,3.94,3.72,3.89,3.29,1.17,1.79
,,P,,,,,,,,,,,,,,,,,,,,,,,,,,,,,,,,,,
39,류진욱,25,1.74,62,0,62,51,0,0,4,3,29,0,66,24,27,27.35,275,50,7,1,6,28,6,3,57,3,0,5,3.27,3.68,3.73,3.62,4.44,1.18,1.74
,,P,,,,,,,,,,,,,,,,,,,,,,,,,,,,,,,,,,
40,최원태,25,1.73,27,24,3,1,0,0,8,7,0,0,124.1,68,72,70.8,552,128,21,0,13,51,12,1,109,6,0,9,4.92,5.21,5.12,4.91,4.59,1.44,1.73
,,P,,,,,,,,,,,,,,,,,,,,,,,,,,,,,,,,,,
41,최승용,25,1.7,23,23,0,0,0,0,5,7,0,0,116.1,57,60,59.3,507,121,20,4,8,36,6,0,71,6,0,4,4.41,4.64,4.59,4.88,4.37,1.35,1.7
,,P,,,,,,,,,,,,,,,,,,,,,,,,,,,,,,,,,,
42,김광현,25,1.62,28,28,0,0,0,0,10,10,0,0,144,80,86,83.4,636,164,28,1,13,50,4,1,138,8,0,6,5,5.38,5.21,5.13,3.77,1.49,1.62
,,P,,,,,,,,,,,,,,,,,,,,,,,,,,,,,,,,,,
43,김원중,25,1.61,53,0,53,43,0,0,4,3,32,0,60.2,18,21,26.7,272,58,11,2,4,33,2,6,69,5,1,7,2.67,3.12,3.96,3.83,3.55,1.5,1.61
,,P,,,,,,,,,,,,,,,,,,,,,,,,,,,,,,,,,,
44,문승원,25,1.51,23,21,2,0,0,0,4,7,0,0,105.1,60,61,58.45,452,109,23,3,16,38,5,0,61,5,0,4,5.13,5.21,4.99,4.85,5.58,1.4,1.51
,,P,,,,,,,,,,,,,,,,,,,,,,,,,,,,,,,,,,
45,김영우,25,1.5,66,0,66,11,0,0,3,2,1,7,60,16,17,21.8,255,49,13,0,2,30,3,2,56,1,0,5,2.4,2.55,3.27,3.43,3.64,1.32,1.5
,,P,,,,,,,,,,,,,,,,,,,,,,,,,,,,,,,,,,
46,최민석,25,1.43,17,15,2,0,0,0,3,3,0,0,77.2,38,41,37.9,333,72,15,1,7,34,5,1,53,3,1,5,4.4,4.75,4.39,4.49,4.85,1.36,1.43
,,P,,,,,,,,,,,,,,,,,,,,,,,,,,,,,,,,,,
47,하영민,25,1.41,28,28,0,0,0,0,7,14,0,0,153.1,85,90,86.1,669,169,29,3,13,41,9,1,134,8,0,7,4.99,5.28,5.05,5.36,3.79,1.37,1.41
,,P,,,,,,,,,,,,,,,,,,,,,,,,,,,,,,,,,,
48,이승현,25,1.39,25,23,2,0,0,0,4,9,0,0,101.1,61,64,60.4,471,121,23,2,10,46,9,0,74,6,0,2,5.42,5.68,5.36,4.93,5,1.65,1.39
,,P,,,,,,,,,,,,,,,,,,,,,,,,,,,,,,,,,,
49,김진호,25,1.38,76,0,76,11,0,0,4,3,6,20,72.1,27,30,33.3,316,53,12,1,5,45,9,1,70,2,1,9,3.36,3.73,4.14,4.11,4.67,1.35,1.38
,,P,,,,,,,,,,,,,,,,,,,,,,,,,,,,,,,,,,
50,전상현,25,1.36,74,0,74,5,0,0,7,5,1,25,70,26,30,31.35,290,64,15,0,4,20,2,3,50,4,0,3,3.34,3.86,4.03,4.17,3.73,1.2,1.36
,,P,,,,,,,,,,,,,,,,,,,,,,,,,,,,,,,,,,
51,주승우,25,1.35,42,0,42,25,0,0,2,2,16,5,44,12,13,14.35,179,35,1,0,7,17,2,0,35,3,0,1,2.45,2.66,2.94,3.32,5.21,1.18,1.35
,,P,,,,,,,,,,,,,,,,,,,,,,,,,,,,,,,,,,
52,김건우,25,1.35,35,13,22,5,0,0,5,4,0,2,66,28,31,30.3,301,53,14,0,2,49,7,1,68,5,0,4,3.82,4.23,4.13,4.08,4.37,1.55,1.35
,,P,,,,,,,,,,,,,,,,,,,,,,,,,,,,,,,,,,
53,패트릭,25,1.33,15,9,6,0,0,0,3,3,0,2,60.2,21,26,26.7,267,63,10,2,2,21,2,0,45,4,0,5,3.12,3.86,3.96,3.95,3.67,1.38,1.33
,,P,,,,,,,,,,,,,,,,,,,,,,,,,,,,,,,,,,
54,김범수,25,1.33,73,0,73,9,0,0,2,1,2,6,48,12,17,16.95,195,30,5,0,0,22,4,1,41,2,0,1,2.25,3.19,3.18,3.19,3.45,1.08,1.33
,,P,,,,,,,,,,,,,,,,,,,,,,,,,,,,,,,,,,
55,김택연,25,1.32,64,0,64,43,0,0,4,5,24,0,66.1,26,31,29.8,281,47,6,0,6,31,5,2,79,3,0,5,3.53,4.21,4.04,4.19,3.71,1.18,1.32
,,P,,,,,,,,,,,,,,,,,,,,,,,,,,,,,,,,,,
56,톨허스트,25,1.31,8,8,0,0,0,0,6,2,0,0,44,14,15,15,184,39,7,1,2,16,2,1,45,2,0,1,2.86,3.07,3.07,3.41,3.21,1.25,1.31
,,P,,,,,,,,,,,,,,,,,,,,,,,,,,,,,,,,,,
57,조동욱,25,1.31,68,2,66,12,0,0,3,3,2,5,60,27,29,25.45,283,77,16,0,4,29,4,3,43,4,1,7,4.05,4.35,3.82,3.77,4.63,1.77,1.31
,,P,,,,,,,,,,,,,,,,,,,,,,,,,,,,,,,,,,
58,백정현,25,1.3,29,1,28,8,0,0,2,0,1,3,32.1,7,7,9.05,128,19,6,0,1,7,2,0,31,3,0,0,1.95,1.95,2.52,2.24,2.78,0.8,1.3
,,P,,,,,,,,,,,,,,,,,,,,,,,,,,,,,,,,,,
59,에르난데스,25,1.28,14,14,0,0,0,0,4,4,0,0,66,31,32,31,276,53,14,0,7,24,5,0,73,0,0,3,4.23,4.36,4.23,4.37,3.82,1.17,1.28
,,P,,,,,,,,,,,,,,,,,,,,,,,,,,,,,,,,,,
60,김태훈,25,1.27,73,0,73,9,0,0,2,6,2,19,66.1,33,34,32.95,287,66,13,0,8,26,2,3,74,2,0,4,4.48,4.61,4.47,4.11,3.87,1.39,1.27
,,P,,,,,,,,,,,,,,,,,,,,,,,,,,,,,,,,,,
61,정우주,25,1.23,51,2,49,15,0,0,3,0,0,3,53.2,17,18,20.75,228,34,6,1,6,21,10,0,82,4,1,3,2.85,3.02,3.48,3.51,3.28,1.02,1.23
,,P,,,,,,,,,,,,,,,,,,,,,,,,,,,,,,,,,,
62,김영규,25,1.21,45,0,45,1,0,0,4,3,0,21,44,14,17,18.05,189,40,4,0,3,18,3,4,35,3,0,6,2.86,3.48,3.69,3.59,4.05,1.32,1.21
,,P,,,,,,,,,,,,,,,,,,,,,,,,,,,,,,,,,,
63,우규민,25,1.12,53,0,53,10,0,0,1,2,0,9,44.1,12,12,16.15,185,45,6,0,2,3,4,1,24,2,0,0,2.44,2.44,3.28,3.29,3.54,1.08,1.12
,,P,,,,,,,,,,,,,,,,,,,,,,,,,,,,,,,,,,
64,이상동,25,1.12,41,0,41,5,0,0,3,0,0,5,43.1,12,12,14.7,168,31,6,0,4,9,2,1,34,0,0,1,2.49,2.49,3.05,3.01,3.87,0.92,1.12
,,P,,,,,,,,,,,,,,,,,,,,,,,,,,,,,,,,,,
65,홍민기,25,1.06,25,2,23,2,0,0,0,2,0,3,32,11,13,10.7,129,24,5,1,0,11,2,0,39,1,0,1,3.09,3.66,3.01,2.94,2.17,1.09,1.06
,,P,,,,,,,,,,,,,,,,,,,,,,,,,,,,,,,,,,
66,레예스,25,1.06,10,10,0,0,0,0,4,3,0,0,50,23,26,24.8,215,51,7,1,5,12,3,0,35,1,0,0,4.14,4.68,4.46,4.21,4.32,1.26,1.06
,,P,,,,,,,,,,,,,,,,,,,,,,,,,,,,,,,,,,
67,양창섭,25,1.04,33,6,27,6,0,0,3,3,0,2,63,24,29,31.75,276,67,10,0,3,19,9,1,45,3,0,4,3.43,4.14,4.54,4.27,4.12,1.37,1.04
,,P,,,,,,,,,,,,,,,,,,,,,,,,,,,,,,,,,,
68,조상우,25,1.03,72,0,72,7,0,0,6,6,1,28,60,26,29,28.7,271,64,15,0,5,27,6,3,55,1,0,2,3.9,4.35,4.31,4.33,4.27,1.52,1.03
,,P,,,,,,,,,,,,,,,,,,,,,,,,,,,,,,,,,,
69,정현수,25,1.03,82,0,82,9,0,0,2,0,0,12,47.2,21,23,20.65,203,34,9,0,4,26,2,0,47,4,0,2,3.97,4.34,3.9,3.8,4.33,1.26,1.03
,,P,,,,,,,,,,,,,,,,,,,,,,,,,,,,,,,,,,
70,정철원,25,1.03,75,0,75,4,0,0,8,3,0,21,70,33,34,36.95,312,72,13,1,4,28,7,2,55,3,0,5,4.24,4.37,4.75,4.54,4.19,1.43,1.03
,,P,,,,,,,,,,,,,,,,,,,,,,,,,,,,,,,,,,
71,최민준,25,0.99,40,8,32,10,0,0,2,2,0,1,65.2,29,34,33.5,287,72,7,0,6,24,3,0,44,4,0,3,3.97,4.66,4.59,4.46,4.65,1.46,0.99
,,P,,,,,,,,,,,,,,,,,,,,,,,,,,,,,,,,,,
72,김도현,25,0.97,24,24,0,0,0,0,4,7,0,0,125.1,67,79,75.75,561,149,28,4,11,33,10,0,71,11,1,5,4.81,5.67,5.44,5.58,4.64,1.45,0.97
,,P,,,,,,,,,,,,,,,,,,,,,,,,,,,,,,,,,,
73,이민석,25,0.95,20,17,3,0,0,0,2,5,0,0,87.1,51,56,53.05,417,104,13,2,10,56,2,0,61,5,0,2,5.26,5.77,5.47,5.26,5.66,1.83,0.95
,,P,,,,,,,,,,,,,,,,,,,,,,,,,,,,,,,,,,
74,최원준,25,0.95,47,16,31,1,0,0,4,7,0,9,107,56,59,59.7,456,105,17,2,18,38,4,2,62,4,0,4,4.71,4.96,5.02,5.28,5.7,1.34,0.95
,,P,,,,,,,,,,,,,,,,,,,,,,,,,,,,,,,,,,
75,박영현,25,0.95,67,0,67,53,0,0,5,6,35,1,69,26,31,35.7,305,68,10,1,9,34,2,4,77,3,1,6,3.39,4.04,4.66,4.54,3.99,1.48,0.95
,,P,,,,,,,,,,,,,,,,,,,,,,,,,,,,,,,,,,
76,손동현,25,0.94,58,0,58,7,0,0,5,0,1,13,58.2,25,30,28.8,257,66,16,1,6,12,3,3,55,3,0,4,3.84,4.6,4.42,4.23,3.45,1.33,0.94
,,P,,,,,,,,,,,,,,,,,,,,,,,,,,,,,,,,,,
77,김강현,25,0.93,67,0,67,19,0,0,2,2,0,4,72,32,37,37.95,306,69,15,1,9,21,7,0,36,4,0,4,4,4.63,4.74,4.6,5.4,1.25,0.93
,,P,,,,,,,,,,,,,,,,,,,,,,,,,,,,,,,,,,
78,유영찬,25,0.92,39,0,39,35,0,0,2,2,21,1,41,12,14,17.95,177,31,7,0,2,23,3,3,52,2,0,3,2.63,3.07,3.94,4.15,3.2,1.32,0.92
,,P,,,,,,,,,,,,,,,,,,,,,,,,,,,,,,,,,,
79,이영하,25,0.9,73,0,73,8,0,0,4,4,0,14,66.2,30,33,32.85,299,63,10,0,4,39,6,2,72,5,0,7,4.05,4.46,4.43,4.62,4.09,1.53,0.9
,,P,,,,,,,,,,,,,,,,,,,,,,,,,,,,,,,,,,
80,배재환,25,0.89,70,0,70,6,0,0,2,4,2,24,60.1,30,36,30.5,271,48,6,1,3,37,11,4,51,3,0,6,4.48,5.37,4.55,4.45,4.84,1.41,0.89
,,P,,,,,,,,,,,,,,,,,,,,,,,,,,,,,,,,,,
81,양현종,25,0.86,30,30,0,0,0,0,7,9,0,0,153,86,101,96.2,677,171,23,4,12,57,4,1,109,14,0,10,5.06,5.94,5.66,5.83,4.35,1.49,0.86
,,P,,,,,,,,,,,,,,,,,,,,,,,,,,,,,,,,,,
82,오석주,25,0.85,53,0,53,15,0,0,2,1,0,7,58.1,24,24,25.9,252,52,6,1,4,29,7,0,44,1,0,3,3.7,3.7,4,4.39,4.82,1.39,0.85
,,P,,,,,,,,,,,,,,,,,,,,,,,,,,,,,,,,,,
83,김종수,25,0.85,63,0,63,10,0,0,4,5,0,5,63.2,23,30,32.15,282,57,17,1,5,36,4,1,59,5,1,2,3.25,4.24,4.54,4.53,4.55,1.46,0.85
,,P,,,,,,,,,,,,,,,,,,,,,,,,,,,,,,,,,,
84,전사민,25,0.83,74,0,74,6,0,0,7,7,2,13,82.1,39,45,45.35,370,86,12,2,3,33,11,4,62,7,0,7,4.26,4.92,4.96,4.82,4.02,1.45,0.83
,,P,,,,,,,,,,,,,,,,,,,,,,,,,,,,,,,,,,
85,전영준,25,0.75,34,5,29,6,0,0,1,5,0,0,52.2,27,28,26.5,228,48,9,0,5,26,5,1,55,2,0,3,4.61,4.78,4.53,4.54,4.26,1.41,0.75
,,P,,,,,,,,,,,,,,,,,,,,,,,,,,,,,,,,,,
86,장현식,25,0.73,56,0,56,14,0,0,3,3,10,5,49.2,24,27,23.75,234,65,16,1,4,21,5,1,38,2,0,4,4.35,4.89,4.3,4.47,4.58,1.73,0.73
,,P,,,,,,,,,,,,,,,,,,,,,,,,,,,,,,,,,,
87,박상원,25,0.73,74,0,74,1,0,0,4,3,0,16,66.2,31,35,35.35,294,67,14,1,4,21,8,0,52,4,0,4,4.19,4.73,4.77,4.78,4.07,1.32,0.73
,,P,,,,,,,,,,,,,,,,,,,,,,,,,,,,,,,,,,
88,문용익,25,0.71,20,2,18,5,0,0,1,0,0,0,28.2,10,11,11.15,121,21,7,0,3,19,0,1,31,0,0,0,3.14,3.45,3.5,3.46,4.58,1.4,0.71
,,P,,,,,,,,,,,,,,,,,,,,,,,,,,,,,,,,,,
89,정해영,25,0.7,60,0,60,50,0,0,3,7,27,0,61.2,26,30,31.35,275,75,13,0,4,18,3,1,72,3,0,1,3.79,4.38,4.58,4.76,2.86,1.51,0.7
,,P,,,,,,,,,,,,,,,,,,,,,,,,,,,,,,,,,,
90,손주환,25,0.67,52,0,52,7,0,0,6,1,0,7,51.2,25,29,27.75,224,53,5,0,5,19,1,0,37,3,0,0,4.35,5.05,4.83,4.58,4.52,1.39,0.67
,,P,,,,,,,,,,,,,,,,,,,,,,,,,,,,,,,,,,
91,구창모,25,0.67,4,3,1,0,0,0,1,0,0,0,14.1,4,4,3.15,59,14,3,0,1,3,0,0,18,0,0,1,2.51,2.51,1.98,1.89,2.28,1.19,0.67
,,P,,,,,,,,,,,,,,,,,,,,,,,,,,,,,,,,,,
92,메르세데스,25,0.67,8,8,0,0,0,0,3,3,0,0,46.1,23,24,24,197,54,12,0,5,9,0,0,41,2,1,2,4.47,4.66,4.66,4.8,3.61,1.36,0.67
,,P,,,,,,,,,,,,,,,,,,,,,,,,,,,,,,,,,,
93,박명근,25,0.62,44,0,44,13,0,0,3,4,4,10,38.2,21,21,18.05,168,36,5,1,5,16,5,2,30,0,1,0,4.89,4.89,4.2,4.42,5.09,1.34,0.62
,,P,,,,,,,,,,,,,,,,,,,,,,,,,,,,,,,,,,
94,배찬승,25,0.59,65,0,65,5,0,0,2,3,0,19,50.2,22,25,28.8,233,50,11,0,3,34,2,1,57,3,0,5,3.91,4.44,5.12,4.73,4.02,1.66,0.59
,,P,,,,,,,,,,,,,,,,,,,,,,,,,,,,,,,,,,
95,이정용,25,0.57,39,0,39,3,0,0,6,1,1,7,34,19,19,16.05,139,32,3,1,3,12,2,0,26,0,0,0,5.03,5.03,4.25,4.32,4.37,1.29,0.57
,,P,,,,,,,,,,,,,,,,,,,,,,,,,,,,,,,,,,
96,김택형,25,0.56,25,0,25,12,0,0,0,0,0,1,22.2,7,7,8.35,95,19,6,0,0,10,3,0,14,1,0,2,2.78,2.78,3.32,3.04,4.21,1.28,0.56
,,P,,,,,,,,,,,,,,,,,,,,,,,,,,,,,,,,,,
97,김진성,25,0.54,78,0,78,2,0,0,6,4,1,33,70.2,27,28,39,291,61,7,3,7,24,0,1,63,3,0,1,3.44,3.57,4.97,5.05,3.91,1.2,0.54
,,P,,,,,,,,,,,,,,,,,,,,,,,,,,,,,,,,,,
98,김재윤,25,0.47,63,0,63,34,0,0,4,7,13,3,57.2,32,34,35.35,242,57,12,2,10,13,1,3,43,2,0,1,4.99,5.31,5.52,5.06,4.84,1.21,0.47
,,P,,,,,,,,,,,,,,,,,,,,,,,,,,,,,,,,,,
99,박신지,25,0.47,54,0,54,7,0,0,2,4,0,5,60,19,24,32.65,264,55,15,3,3,29,5,6,36,4,0,8,2.85,3.6,4.9,5.11,4.56,1.4,0.47
,,P,,,,,,,,,,,,,,,,,,,,,,,,,,,,,,,,,,
100,이우찬,25,0.46,23,0,23,6,0,0,0,1,0,0,19,4,6,6,86,13,2,0,0,14,1,0,20,2,0,3,1.89,2.84,2.84,3.08,3.81,1.42,0.46
,,P,,,,,,,,,,,,,,,,,,,,,,,,,,,,,,,,,,
101,김민수,25,0.43,58,0,58,12,0,0,4,3,0,11,52.2,29,31,29.8,230,63,11,2,5,15,1,1,36,1,0,5,4.96,5.3,5.09,4.97,4.25,1.48,0.43
,,P,,,,,,,,,,,,,,,,,,,,,,,,,,,,,,,,,,
102,황준서,25,0.41,23,12,11,1,0,0,2,8,0,0,56,33,37,34.75,242,54,11,4,7,26,2,2,57,1,0,1,5.3,5.95,5.58,5.54,4.46,1.43,0.41
,,P,,,,,,,,,,,,,,,,,,,,,,,,,,,,,,,,,,
103,김강률,25,0.4,12,0,12,4,0,0,1,0,1,4,12.1,2,2,3.55,51,7,1,0,0,8,1,0,9,1,0,0,1.46,1.46,2.59,2.81,4.43,1.22,0.4
,,P,,,,,,,,,,,,,,,,,,,,,,,,,,,,,,,,,,
104,박시후,25,0.38,52,1,51,6,0,0,6,2,0,3,52.1,19,24,29.45,231,45,3,0,5,29,5,1,34,5,1,0,3.27,4.13,5.06,5.1,5.45,1.41,0.38
,,P,,,,,,,,,,,,,,,,,,,,,,,,,,,,,,,,,,
105,웰스,25,0.38,4,4,0,0,0,0,1,1,0,0,20,7,8,8,85,18,3,0,0,6,1,0,16,0,0,0,3.15,3.6,3.6,4.34,3.04,1.2,0.38
,,P,,,,,,,,,,,,,,,,,,,,,,,,,,,,,,,,,,
106,쿠에바스,25,0.37,18,18,0,0,0,0,3,10,0,0,98.1,59,69,66.75,445,104,14,2,13,46,5,0,60,5,1,4,5.4,6.32,6.11,5.96,5.63,1.53,0.37
,,P,,,,,,,,,,,,,,,,,,,,,,,,,,,,,,,,,,
107,이승민,25,0.36,62,1,61,11,0,0,3,2,0,8,64.1,27,37,41.5,280,61,15,2,5,26,3,2,53,3,0,1,3.78,5.18,5.81,5.34,4.18,1.35,0.36
,,P,,,,,,,,,,,,,,,,,,,,,,,,,,,,,,,,,,
108,김기훈,25,0.36,24,0,24,2,0,0,1,1,0,0,27.2,10,11,13.55,117,25,8,1,2,10,1,0,27,1,0,2,3.25,3.58,4.41,4.52,3.61,1.27,0.36
,,P,,,,,,,,,,,,,,,,,,,,,,,,,,,,,,,,,,
109,한두솔,25,0.36,44,0,44,7,0,0,2,0,1,3,36.1,20,22,20.3,169,46,5,0,1,19,1,1,27,2,0,1,4.95,5.45,5.03,4.84,4.06,1.79,0.36
,,P,,,,,,,,,,,,,,,,,,,,,,,,,,,,,,,,,,
110,윤산흠,25,0.36,12,1,11,4,0,0,0,0,0,0,16.2,7,7,7,73,16,5,0,1,5,3,0,17,1,1,1,3.78,3.78,3.78,3.79,3.62,1.26,0.36
,,P,,,,,,,,,,,,,,,,,,,,,,,,,,,,,,,,,,
111,양재훈,25,0.35,19,0,19,8,0,0,0,0,1,0,23.1,11,11,10.5,93,19,4,0,3,8,0,0,19,0,0,0,4.24,4.24,4.05,4.29,4.51,1.16,0.35
,,P,,,,,,,,,,,,,,,,,,,,,,,,,,,,,,,,,,
112,박정수,25,0.33,29,0,29,5,0,0,1,0,0,3,26.1,12,13,13.3,119,31,3,1,1,8,4,1,15,2,0,1,4.1,4.44,4.55,4.66,4.28,1.48,0.33
,,P,,,,,,,,,,,,,,,,,,,,,,,,,,,,,,,,,,
113,이재익,25,0.33,7,0,7,1,0,0,1,0,0,0,7.1,1,1,1,31,8,0,1,0,2,0,0,6,0,0,1,1.23,1.23,1.23,1.06,2.75,1.36,0.33
,,P,,,,,,,,,,,,,,,,,,,,,,,,,,,,,,,,,,
114,김태형,25,0.33,8,3,5,1,0,0,0,3,0,0,23.2,12,12,13.05,107,25,4,0,4,7,5,0,14,1,1,1,4.56,4.56,4.96,4.79,6.07,1.35,0.33
,,P,,,,,,,,,,,,,,,,,,,,,,,,,,,,,,,,,,
115,최준용,25,0.33,49,0,49,4,0,0,4,4,1,17,54.1,32,35,32.8,234,50,9,1,5,16,6,0,62,6,0,3,5.3,5.8,5.43,5.21,3.46,1.21,0.33
,,P,,,,,,,,,,,,,,,,,,,,,,,,,,,,,,,,,,
116,이재희,25,0.32,11,0,11,1,0,0,0,2,0,4,9,3,3,2.8,39,7,1,1,0,5,0,0,9,0,0,0,3,3,2.8,2.64,3.2,1.33,0.32
,,P,,,,,,,,,,,,,,,,,,,,,,,,,,,,,,,,,,
117,김녹원,25,0.32,21,16,5,1,0,0,3,4,0,1,70,51,53,47.35,327,75,13,1,10,47,3,0,37,3,0,4,6.56,6.81,6.09,5.94,6.58,1.74,0.32
,,P,,,,,,,,,,,,,,,,,,,,,,,,,,,,,,,,,,
118,박기호,25,0.32,18,1,17,6,0,0,0,0,0,2,24,8,10,12.2,110,23,2,0,3,12,8,1,13,1,0,2,3,3.75,4.58,4.53,6.59,1.46,0.32
,,P,,,,,,,,,,,,,,,,,,,,,,,,,,,,,,,,,,
119,주권,25,0.31,34,0,34,14,0,0,0,1,0,0,40.2,20,23,23.85,176,48,2,0,3,13,0,1,19,4,1,0,4.43,5.09,5.28,5.16,4.65,1.5,0.31
,,P,,,,,,,,,,,,,,,,,,,,,,,,,,,,,,,,,,
120,김기중,25,0.3,5,2,3,2,0,0,0,1,0,0,14.2,5,5,5,66,16,2,1,0,6,1,0,8,1,0,1,3.07,3.07,3.07,2.96,4.08,1.5,0.3
,,P,,,,,,,,,,,,,,,,,,,,,,,,,,,,,,,,,,
121,반즈,25,0.3,8,8,0,0,0,0,3,4,0,0,45.2,27,31,30.15,204,47,14,2,4,17,2,0,38,3,0,2,5.32,6.11,5.94,5.79,4.21,1.4,0.3
,,P,,,,,,,,,,,,,,,,,,,,,,,,,,,,,,,,,,
122,김현수,25,0.29,18,0,18,12,0,0,0,0,0,0,18.1,5,5,7.6,86,17,3,1,2,13,1,5,11,0,0,2,2.45,2.45,3.73,4.01,5.46,1.64,0.29
,,P,,,,,,,,,,,,,,,,,,,,,,,,,,,,,,,,,,
123,최용준,25,0.24,7,0,7,1,0,0,1,0,0,0,9,2,2,2.5,39,13,1,0,0,2,0,1,5,0,0,0,2,2,2.5,2.43,2.89,1.67,0.24
,,P,,,,,,,,,,,,,,,,,,,,,,,,,,,,,,,,,,
124,박치국,25,0.22,73,0,73,11,0,0,4,4,2,16,62.1,26,35,35.5,271,58,15,0,4,21,7,1,57,6,0,0,3.75,5.05,5.13,5.38,3.78,1.27,0.22
,,P,,,,,,,,,,,,,,,,,,,,,,,,,,,,,,,,,,
125,목지훈,25,0.2,16,15,1,0,0,0,3,5,0,0,58,39,42,40.8,280,68,8,3,6,42,5,1,45,0,2,9,6.05,6.52,6.33,5.97,5.75,1.9,0.2
,,P,,,,,,,,,,,,,,,,,,,,,,,,,,,,,,,,,,
126,김대호,25,0.2,11,4,7,5,0,0,0,1,0,0,21,12,13,13,105,25,6,0,3,15,1,0,19,2,0,1,5.14,5.57,5.57,5.04,5.79,1.9,0.2
,,P,,,,,,,,,,,,,,,,,,,,,,,,,,,,,,,,,,
127,이태양,25,0.19,14,0,14,4,0,0,0,1,0,0,11.1,5,5,5,51,14,5,0,0,5,1,1,8,0,0,0,3.97,3.97,3.97,4.02,3.85,1.68,0.19
,,P,,,,,,,,,,,,,,,,,,,,,,,,,,,,,,,,,,
128,원상현,25,0.19,52,0,52,5,0,0,0,3,0,14,57,33,35,34.6,259,56,10,0,8,35,1,3,45,1,0,4,5.21,5.53,5.46,5.44,5.52,1.6,0.19
,,P,,,,,,,,,,,,,,,,,,,,,,,,,,,,,,,,,,
129,윤영철,25,0.18,13,13,0,0,0,0,2,7,0,0,50,31,37,32.85,227,52,7,0,4,30,1,0,43,3,0,4,5.58,6.66,5.91,6.09,4.7,1.64,0.18
,,P,,,,,,,,,,,,,,,,,,,,,,,,,,,,,,,,,,
130,박건우,25,0.17,6,0,6,4,0,0,0,0,0,0,6.2,2,2,2,28,4,0,0,1,4,0,0,9,0,0,0,2.7,2.7,2.7,2.57,4.25,1.2,0.17
,,P,,,,,,,,,,,,,,,,,,,,,,,,,,,,,,,,,,
131,이교훈,25,0.17,10,0,10,3,0,0,1,0,0,0,7.2,1,2,3.2,29,4,1,0,0,4,1,0,7,0,0,2,1.17,2.35,3.76,3.92,3.72,1.04,0.17
,,P,,,,,,,,,,,,,,,,,,,,,,,,,,,,,,,,,,
132,송영진,25,0.17,21,8,13,2,0,0,2,5,0,0,63.1,41,45,43.45,288,77,5,1,10,31,3,1,40,1,0,2,5.83,6.39,6.17,6,5.89,1.71,0.17
,,P,,,,,,,,,,,,,,,,,,,,,,,,,,,,,,,,,,
133,조이현,25,0.17,3,3,0,0,0,0,1,2,0,0,11.2,7,7,6.5,50,17,2,1,2,0,1,0,3,0,0,0,5.4,5.4,5.01,4.77,5.59,1.46,0.17
,,P,,,,,,,,,,,,,,,,,,,,,,,,,,,,,,,,,,
134,전용주,25,0.17,21,0,21,0,0,0,0,1,0,4,13.2,6,8,6.8,66,18,4,0,0,7,0,1,11,0,0,3,3.95,5.27,4.48,4.56,3.55,1.83,0.17
,,P,,,,,,,,,,,,,,,,,,,,,,,,,,,,,,,,,,
135,최채흥,25,0.17,13,4,9,3,0,0,0,1,0,2,29,17,17,17.35,132,35,6,2,3,14,1,0,21,0,0,2,5.28,5.28,5.38,5.82,4.99,1.69,0.17
,,P,,,,,,,,,,,,,,,,,,,,,,,,,,,,,,,,,,
136,배제성,25,0.16,8,5,3,0,0,0,2,3,0,0,27,17,17,16.5,127,38,5,1,2,11,0,1,23,0,0,1,5.67,5.67,5.5,5.37,3.86,1.81,0.16
,,P,,,,,,,,,,,,,,,,,,,,,,,,,,,,,,,,,,
137,백승현,25,0.16,33,0,33,9,0,0,1,0,0,2,30,13,13,17.1,146,28,3,1,2,28,1,1,27,2,0,3,3.9,3.9,5.13,5.45,5.45,1.87,0.16
,,P,,,,,,,,,,,,,,,,,,,,,,,,,,,,,,,,,,
138,박준영,25,0.15,1,1,0,0,0,0,0,0,0,0,5,2,2,2,24,3,0,0,0,6,0,0,3,0,0,0,3.6,3.6,3.6,3.43,6.26,1.8,0.15
,,P,,,,,,,,,,,,,,,,,,,,,,,,,,,,,,,,,,
139,제환유,25,0.14,6,3,3,0,0,0,0,1,0,0,16.1,9,10,10.5,78,17,1,0,2,12,1,1,8,0,0,0,4.96,5.51,5.79,6.27,6.7,1.78,0.14
,,P,,,,,,,,,,,,,,,,,,,,,,,,,,,,,,,,,,
140,배재준,25,0.14,14,0,14,5,0,0,0,0,0,1,13,8,8,7,56,9,4,0,1,7,1,0,14,0,0,1,5.54,5.54,4.85,4.83,4.11,1.23,0.14
,,P,,,,,,,,,,,,,,,,,,,,,,,,,,,,,,,,,,
141,양현,25,0.13,4,0,4,3,0,0,0,0,0,0,3.1,0,0,0.5,15,2,0,0,0,3,0,0,1,0,0,0,0,0,1.35,1.43,6.05,1.5,0.13
,,P,,,,,,,,,,,,,,,,,,,,,,,,,,,,,,,,,,
142,송재영,25,0.13,46,0,46,6,0,0,1,0,0,3,27,12,13,16.8,121,19,4,0,3,24,0,0,28,3,0,2,4,4.33,5.6,5.56,5.49,1.59,0.13
,,P,,,,,,,,,,,,,,,,,,,,,,,,,,,,,,,,,,
143,소이현,25,0.12,7,0,7,4,0,0,0,0,0,0,8,5,5,3.95,36,5,1,0,0,7,1,0,3,0,0,2,5.63,5.63,4.44,4.19,6.18,1.5,0.12
,,P,,,,,,,,,,,,,,,,,,,,,,,,,,,,,,,,,,
144,황동재,25,0.1,15,1,14,5,0,0,0,1,0,0,20.2,16,16,14.25,104,27,2,0,1,14,2,0,22,0,0,3,6.97,6.97,6.21,5.58,4.31,1.98,0.1
,,P,,,,,,,,,,,,,,,,,,,,,,,,,,,,,,,,,,
145,송은범,25,0.09,5,0,5,3,0,0,0,0,0,0,6,3,3,3,28,9,2,0,0,3,0,0,2,0,0,3,4.5,4.5,4.5,4.15,4.69,2,0.09
,,P,,,,,,,,,,,,,,,,,,,,,,,,,,,,,,,,,,
146,임지민,25,0.08,7,0,7,3,0,0,0,1,0,1,4.2,2,2,2,20,1,0,0,0,5,0,0,7,0,0,0,3.86,3.86,3.86,4.1,3.6,1.29,0.08
,,P,,,,,,,,,,,,,,,,,,,,,,,,,,,,,,,,,,
147,김민재,25,0.07,1,0,1,1,0,0,0,0,0,0,2,0,0,0,8,2,0,0,0,0,0,0,1,0,0,0,0,0,0,0,2.67,1,0.07
,,P,,,,,,,,,,,,,,,,,,,,,,,,,,,,,,,,,,
148,윤중현,25,0.07,13,0,13,6,0,0,1,0,0,0,10.1,5,5,5.9,48,10,4,0,2,7,0,2,7,1,0,1,4.35,4.35,5.14,5.17,6.08,1.65,0.07
,,P,,,,,,,,,,,,,,,,,,,,,,,,,,,,,,,,,,
149,우강훈,25,0.06,11,0,11,4,0,0,0,0,0,0,9.2,5,5,5.7,46,12,2,0,0,6,2,0,5,0,0,0,4.66,4.66,5.31,5.52,5.27,1.86,0.06
,,P,,,,,,,,,,,,,,,,,,,,,,,,,,,,,,,,,,
150,김민규,25,0.06,7,1,6,5,0,0,1,1,0,0,9.2,5,5,4.85,47,9,3,0,1,6,4,0,6,0,0,0,4.66,4.66,4.52,4.35,6.91,1.55,0.06
,,P,,,,,,,,,,,,,,,,,,,,,,,,,,,,,,,,,,
151,황동하,25,0.06,18,3,15,3,0,0,1,2,0,0,35.2,21,21,22.7,155,38,14,1,4,10,3,0,31,1,0,0,5.3,5.3,5.73,5.81,4.25,1.35,0.06
,,P,,,,,,,,,,,,,,,,,,,,,,,,,,,,,,,,,,
152,신지환,25,0.04,1,0,1,0,0,0,0,0,0,0,1,0,0,0,4,0,0,0,0,0,1,0,1,0,0,0,0,0,0,0,4.62,0,0.04
,,P,,,,,,,,,,,,,,,,,,,,,,,,,,,,,,,,,,
153,유지성,25,0.04,1,0,1,1,0,0,0,0,0,0,1,0,0,0,3,0,0,0,0,0,0,0,0,0,0,0,0,0,0,0,3.92,0,0.04
,,P,,,,,,,,,,,,,,,,,,,,,,,,,,,,,,,,,,
154,이상민,25,0.04,1,0,1,1,0,0,0,0,0,0,1,0,0,0,5,2,0,0,0,0,0,0,1,0,0,0,0,0,0,0,1.42,2,0.04
,,P,,,,,,,,,,,,,,,,,,,,,,,,,,,,,,,,,,
155,홍민규,25,0.03,20,2,18,11,0,0,2,1,1,0,33.1,17,19,20.9,151,37,6,0,4,15,1,0,17,1,0,4,4.59,5.13,5.64,6.06,5.61,1.56,0.03
,,P,,,,,,,,,,,,,,,,,,,,,,,,,,,,,,,,,,
156,정우준,25,0.03,3,0,3,2,0,0,0,0,0,0,3.1,2,2,2,16,6,3,0,0,0,1,0,3,0,0,0,5.4,5.4,5.4,5.02,2.63,1.8,0.03
,,P,,,,,,,,,,,,,,,,,,,,,,,,,,,,,,,,,,
157,최성훈,25,0.03,2,0,2,1,0,0,0,0,0,0,1,1,1,0.3,5,1,0,0,0,1,0,0,1,0,0,0,9,9,2.7,2.59,4.62,2,0.03
,,P,,,,,,,,,,,,,,,,,,,,,,,,,,,,,,,,,,
158,박진,25,0.03,51,5,46,11,0,0,3,3,1,3,69.1,41,42,49.9,302,76,10,3,10,22,1,0,50,3,0,5,5.32,5.45,6.48,6.03,4.89,1.41,0.03
,,P,,,,,,,,,,,,,,,,,,,,,,,,,,,,,,,,,,
159,김성민,25,0.02,2,0,2,1,0,0,1,0,0,0,0.2,0,0,0,4,0,0,0,0,2,0,0,0,0,0,1,0,0,0,0,13.52,3,0.02
,,2B,,,,,,,,,,,,,,,,,,,,,,,,,,,,,,,,,,
160,유승철,25,0.02,1,0,1,1,0,0,0,0,0,0,2,1,1,1,11,3,0,0,0,2,0,0,3,0,0,1,4.5,4.5,4.5,4.77,3.37,2.5,0.02
,,P,,,,,,,,,,,,,,,,,,,,,,,,,,,,,,,,,,
161,조민석,25,0.02,6,2,4,1,0,0,0,1,0,0,13,10,10,8.95,61,12,2,0,3,11,2,0,4,1,0,2,6.92,6.92,6.2,5.92,9.1,1.77,0.02
,,P,,,,,,,,,,,,,,,,,,,,,,,,,,,,,,,,,,
162,김한중,25,0.02,2,0,2,2,0,0,0,0,0,0,2,0,1,1,8,1,1,0,0,0,0,0,0,1,0,0,0,4.5,4.5,4.87,3.92,0.5,0.02
,,P,,,,,,,,,,,,,,,,,,,,,,,,,,,,,,,,,,
163,최현석,25,0.02,13,0,13,8,0,0,0,0,0,0,17.1,12,13,12.15,77,21,2,0,5,6,2,0,11,0,0,1,6.23,6.75,6.31,6.36,7.24,1.56,0.02
,,P,,,,,,,,,,,,,,,,,,,,,,,,,,,,,,,,,,
164,이종준,25,0.02,2,0,2,2,0,0,0,0,0,0,1.2,0,0,0.85,6,0,0,0,0,1,0,0,2,0,0,0,0,0,4.59,4.97,2.84,0.6,0.02
,,P,,,,,,,,,,,,,,,,,,,,,,,,,,,,,,,,,,
165,한현희,25,0.02,3,2,1,0,0,0,0,0,0,1,8.2,6,6,6,41,13,2,0,2,2,1,0,8,0,0,1,6.23,6.23,6.23,6.23,5.46,1.73,0.02
,,P,,,,,,,,,,,,,,,,,,,,,,,,,,,,,,,,,,
166,홍건희,25,0.01,20,0,20,7,0,0,2,1,0,0,16,11,13,10.4,83,18,1,0,2,15,0,1,15,2,0,0,6.19,7.31,5.85,6.1,6.06,2.06,0.01
,,P,,,,,,,,,,,,,,,,,,,,,,,,,,,,,,,,,,
167,데이비슨,25,0.01,1,0,1,1,0,0,0,0,0,0,0.1,0,0,0,1,0,0,0,0,0,0,0,0,0,0,0,0,0,0,0,3.92,0,0.01
,,1B,,,,,,,,,,,,,,,,,,,,,,,,,,,,,,,,,,
168,정성종,25,0.01,2,0,2,0,0,0,0,0,0,0,2.1,1,1,1.7,10,3,1,0,1,0,0,0,0,0,0,0,3.86,3.86,6.56,6.09,9.02,1.29,0.01
,,P,,,,,,,,,,,,,,,,,,,,,,,,,,,,,,,,,,
169,육선엽,25,0,27,1,26,8,0,0,0,1,0,1,28.2,17,21,19.45,133,23,3,0,4,24,0,0,19,5,0,2,5.34,6.59,6.11,6.21,6.6,1.64,0
,,P,,,,,,,,,,,,,,,,,,,,,,,,,,,,,,,,,,
170,윤성빈,25,0,31,1,30,9,0,0,1,2,0,0,27,23,23,18.85,130,26,7,0,3,20,4,1,44,1,0,6,7.67,7.67,6.28,5.93,3.89,1.7,0
,,P,,,,,,,,,,,,,,,,,,,,,,,,,,,,,,,,,,
171,최종인,25,0,3,0,3,2,0,0,0,0,0,0,1.2,1,1,1.2,9,1,0,0,0,3,0,0,5,0,0,2,5.4,5.4,6.48,7.02,2.18,2.4,0
,,P,,,,,,,,,,,,,,,,,,,,,,,,,,,,,,,,,,
172,김정엽,25,-0.01,2,0,2,1,0,0,0,0,0,0,1,2,2,0.8,5,0,0,0,0,1,1,0,0,0,0,0,18,18,7.2,7.63,10.32,1,-0.01
,,P,,,,,,,,,,,,,,,,,,,,,,,,,,,,,,,,,,
173,장재혁,25,-0.01,3,0,3,1,0,0,0,0,0,0,3,2,2,2,13,3,0,0,1,3,0,0,2,0,0,0,6,6,6,6.36,9.42,2,-0.01
,,P,,,,,,,,,,,,,,,,,,,,,,,,,,,,,,,,,,
174,도태훈,25,-0.01,1,0,1,1,0,0,0,0,0,0,1,1,1,1,6,3,0,0,1,0,0,0,1,0,0,0,9,9,9,8.6,13.32,3,-0.01
,,2B,,,,,,,,,,,,,,,,,,,,,,,,,,,,,,,,,,
175,박시원,25,-0.01,2,0,2,1,0,0,0,0,0,0,1.1,2,2,1.15,9,0,0,0,0,5,0,0,0,0,0,0,13.5,13.5,7.76,8.41,15.92,3.75,-0.01
,,P,,,,,,,,,,,,,,,,,,,,,,,,,,,,,,,,,,
176,이도현,25,-0.02,6,2,4,1,0,0,1,1,0,0,13,10,11,10.3,65,17,5,0,1,8,1,0,9,2,0,1,6.92,7.62,7.13,7.32,5.32,1.92,-0.02
,,P,,,,,,,,,,,,,,,,,,,,,,,,,,,,,,,,,,
177,김대우,25,-0.02,2,0,2,0,0,0,0,0,0,1,0.2,0,0,0.7,3,1,1,0,0,0,0,0,0,0,0,0,0,0,9.45,9.05,3.92,1.5,-0.02
,,P,,,,,,,,,,,,,,,,,,,,,,,,,,,,,,,,,,
178,이영재,25,-0.02,3,0,3,2,0,0,0,0,0,0,2,2,2,2,11,5,1,0,1,0,1,0,2,0,0,0,9,9,9,8.68,8.97,2.5,-0.02
,,P,,,,,,,,,,,,,,,,,,,,,,,,,,,,,,,,,,
179,김태현,25,-0.02,1,0,1,0,0,0,0,0,0,0,2,1,2,2,12,1,0,0,0,4,0,0,2,1,0,0,4.5,9,9,8.36,7.82,2.5,-0.02
,,P,,,,,,,,,,,,,,,,,,,,,,,,,,,,,,,,,,
180,서진용,25,-0.02,2,0,2,1,0,0,0,0,0,0,1.1,1,1,1,7,1,0,0,0,3,0,0,0,0,0,0,6.75,6.75,6.75,8.13,11.12,3,-0.02
,,P,,,,,,,,,,,,,,,,,,,,,,,,,,,,,,,,,,
181,김정우,25,-0.02,18,0,18,9,0,0,0,0,1,1,21,9,12,14.6,103,26,4,0,1,9,3,0,13,3,0,1,3.86,5.14,6.26,6.53,4.77,1.67,-0.02
,,P,,,,,,,,,,,,,,,,,,,,,,,,,,,,,,,,,,
182,이호성,25,-0.03,58,0,58,24,0,0,7,4,9,3,55.1,39,44,37.3,252,54,7,2,7,29,2,0,69,6,1,0,6.34,7.16,6.07,5.9,4.1,1.5,-0.03
,,P,,,,,,,,,,,,,,,,,,,,,,,,,,,,,,,,,,
183,권민규,25,-0.03,5,0,5,2,0,0,0,0,0,0,5.1,5,5,5,28,5,1,0,1,7,0,0,4,0,0,0,8.44,8.44,8.44,7.3,8.47,2.25,-0.03
,,P,,,,,,,,,,,,,,,,,,,,,,,,,,,,,,,,,,
184,심재민,25,-0.04,4,0,4,2,0,0,1,0,0,0,3,1,2,2.7,15,5,1,0,0,1,0,0,2,0,0,1,3,6,8.1,7.53,3.32,2,-0.04
,,P,,,,,,,,,,,,,,,,,,,,,,,,,,,,,,,,,,
185,이지강,25,-0.04,43,1,42,7,0,0,1,2,3,4,47.1,28,29,31.6,211,50,9,2,4,24,1,0,39,2,1,1,5.32,5.51,6.01,6.14,4.55,1.56,-0.04
,,P,,,,,,,,,,,,,,,,,,,,,,,,,,,,,,,,,,
186,김주온,25,-0.04,1,1,0,0,0,0,0,1,0,0,0.1,1,1,1,5,0,0,0,0,2,2,0,1,0,0,0,27,27,27,25.87,34.82,6,-0.04
,,P,,,,,,,,,,,,,,,,,,,,,,,,,,,,,,,,,,
187,임상현,25,-0.05,1,0,1,0,0,0,0,0,0,0,1,2,2,1.65,8,2,1,0,0,3,0,0,0,0,0,0,18,18,14.85,12.84,13.52,5,-0.05
,,P,,,,,,,,,,,,,,,,,,,,,,,,,,,,,,,,,,
188,박종훈,25,-0.06,5,5,0,0,0,0,0,2,0,0,19,15,17,14.3,90,15,1,0,4,18,5,0,10,2,0,0,7.11,8.05,6.77,6.88,8.98,1.74,-0.06
,,P,,,,,,,,,,,,,,,,,,,,,,,,,,,,,,,,,,
189,홍원표,25,-0.06,2,0,2,2,0,0,0,1,0,0,2,1,1,2.2,12,3,0,0,0,2,1,1,1,0,0,0,4.5,4.5,9.9,9.44,5.87,2.5,-0.06
,,P,,,,,,,,,,,,,,,,,,,,,,,,,,,,,,,,,,
190,코엔 윈,25,-0.06,5,5,0,0,0,0,1,1,0,0,23,18,19,18.15,107,28,7,0,4,4,5,0,8,2,0,0,7.04,7.43,7.1,6.98,6.37,1.39,-0.06
,,P,,,,,,,,,,,,,,,,,,,,,,,,,,,,,,,,,,
191,임창민,25,-0.07,16,0,16,1,0,0,1,0,0,2,13,7,8,9.75,63,17,2,0,5,7,1,1,6,0,0,0,4.85,5.54,6.75,6.09,9.06,1.85,-0.07
,,P,,,,,,,,,,,,,,,,,,,,,,,,,,,,,,,,,,
192,강백호,25,-0.07,1,0,1,1,0,0,0,0,0,0,1,2,2,2,7,3,1,0,1,1,0,0,1,0,0,0,18,18,18,19.49,16.52,4,-0.07
,,DH,,,,,,,,,,,,,,,,,,,,,,,,,,,,,,,,,,
193,함덕주,25,-0.07,31,0,31,5,0,0,2,3,0,1,27,18,19,17.8,113,14,5,0,1,18,0,0,26,1,0,3,6,6.33,5.93,6.24,4.09,1.19,-0.07
,,P,,,,,,,,,,,,,,,,,,,,,,,,,,,,,,,,,,
194,강재민,25,-0.07,4,0,4,3,0,0,0,0,0,0,4,4,4,4,20,6,1,0,1,2,1,0,5,0,0,0,9,9,9,9,6.17,2,-0.07
,,P,,,,,,,,,,,,,,,,,,,,,,,,,,,,,,,,,,
195,김진수,25,-0.07,4,0,4,3,0,0,0,0,0,0,5,5,5,5,27,11,3,0,2,1,0,0,6,0,0,0,9,9,9,9.6,6.32,2.4,-0.07
,,P,,,,,,,,,,,,,,,,,,,,,,,,,,,,,,,,,,
196,김민규,25,-0.07,7,0,7,1,0,0,0,0,0,1,4.2,4,4,3.9,23,5,2,0,0,4,0,1,2,0,0,0,7.71,7.71,7.52,7.35,4.9,1.93,-0.07
,,P,,,,,,,,,,,,,,,,,,,,,,,,,,,,,,,,,,
197,김종운,25,-0.08,2,0,2,2,0,0,0,0,0,0,1.2,1,3,3,7,2,0,0,2,0,0,0,2,1,0,0,5.4,16.2,16.2,15.52,15.2,1.2,-0.08
,,P,,,,,,,,,,,,,,,,,,,,,,,,,,,,,,,,,,
198,김태현,25,-0.08,5,0,5,0,0,0,0,0,0,1,3,4,4,3.5,17,5,1,0,2,3,2,0,2,0,0,1,12,12,10.5,9.76,15.52,2.67,-0.08
,,P,,,,,,,,,,,,,,,,,,,,,,,,,,,,,,,,,,
199,한차현,25,-0.08,2,0,2,1,0,0,0,0,0,0,1.2,3,3,3,11,4,0,0,0,2,0,0,1,0,0,1,16.2,16.2,16.2,16.11,6.26,3.6,-0.08
,,P,,,,,,,,,,,,,,,,,,,,,,,,,,,,,,,,,,
200,임준형,25,-0.09,10,0,10,3,0,0,0,0,0,0,8.2,5,7,7.15,42,11,1,0,0,7,1,0,6,0,0,1,5.19,7.27,7.43,7.23,5.14,2.08,-0.09
,,P,,,,,,,,,,,,,,,,,,,,,,,,,,,,,,,,,,
201,김재원,25,-0.09,4,0,4,3,0,0,0,0,0,0,4.1,5,5,5.2,24,3,1,0,0,8,1,0,4,0,0,3,10.38,10.38,10.8,10.33,8.26,2.54,-0.09
,,P,,,,,,,,,,,,,,,,,,,,,,,,,,,,,,,,,,
202,이채호,25,-0.1,10,1,9,2,0,0,0,0,0,0,11.2,8,8,10.05,53,12,3,2,1,5,2,1,8,0,0,0,6.17,6.17,7.75,7.51,4.87,1.46,-0.1
,,P,,,,,,,,,,,,,,,,,,,,,,,,,,,,,,,,,,
203,원종혁,25,-0.1,2,0,2,1,0,0,0,0,0,0,1.2,3,3,3.5,10,3,0,0,1,2,0,0,1,0,0,0,16.2,16.2,18.9,18.29,6.26,3,-0.1
,,P,,,,,,,,,,,,,,,,,,,,,,,,,,,,,,,,,,
204,박진형,25,-0.1,7,0,7,4,0,0,0,0,0,0,5.1,5,7,5.95,29,9,3,0,1,3,0,0,5,1,0,0,8.44,11.81,10.04,9.64,5.61,2.25,-0.1
,,P,,,,,,,,,,,,,,,,,,,,,,,,,,,,,,,,,,
205,김대유,25,-0.11,15,0,15,2,0,0,0,1,0,1,8.1,9,9,6.6,42,12,1,0,1,4,0,0,3,1,0,0,9.72,9.72,7.13,7.38,5.98,1.92,-0.11
,,P,,,,,,,,,,,,,,,,,,,,,,,,,,,,,,,,,,
206,정우영,25,-0.11,4,0,4,1,0,0,0,0,0,0,2.2,6,6,3.25,13,1,0,0,1,4,1,0,3,0,0,0,20.25,20.25,10.97,11.6,11.57,1.88,-0.11
,,P,,,,,,,,,,,,,,,,,,,,,,,,,,,,,,,,,,
207,이병헌,25,-0.12,22,0,22,2,0,0,0,0,0,4,13,9,9,9.3,56,11,1,0,1,10,0,2,9,0,0,0,6.23,6.23,6.44,6.54,5.07,1.62,-0.12
,,P,,,,,,,,,,,,,,,,,,,,,,,,,,,,,,,,,,
208,주현상,25,-0.12,48,0,48,10,0,0,5,2,1,3,41.2,24,25,27.75,193,59,14,2,8,10,3,0,37,2,0,1,5.18,5.4,5.99,6.05,4.98,1.66,-0.12
,,P,,,,,,,,,,,,,,,,,,,,,,,,,,,,,,,,,,
209,김동현,25,-0.12,3,0,3,2,0,0,0,0,0,0,3.1,5,5,5,19,7,0,0,2,3,0,0,4,0,0,3,13.5,13.5,13.5,12.85,10.94,3,-0.12
,,P,,,,,,,,,,,,,,,,,,,,,,,,,,,,,,,,,,
210,오승환,25,-0.13,12,0,12,4,0,0,0,0,0,0,9,8,8,7.35,45,15,5,0,1,3,0,0,7,0,0,1,8,8,7.35,7.66,4.36,2,-0.13
,,P,,,,,,,,,,,,,,,,,,,,,,,,,,,,,,,,,,
211,홍원빈,25,-0.13,2,0,2,1,0,0,0,0,0,0,1.2,5,5,3.45,11,2,0,0,0,4,0,0,1,0,0,2,27,27,18.63,19.86,10.1,3.6,-0.13
,,P,,,,,,,,,,,,,,,,,,,,,,,,,,,,,,,,,,
212,최준호,25,-0.13,9,3,6,2,0,0,1,2,0,0,16,15,15,14.15,74,18,5,0,4,9,2,0,11,0,0,2,8.44,8.44,7.96,7.73,7.37,1.69,-0.13
,,P,,,,,,,,,,,,,,,,,,,,,,,,,,,,,,,,,,
213,이준영,25,-0.14,57,0,57,5,0,0,3,1,0,7,34,18,18,22.95,145,36,10,0,6,11,1,2,34,4,0,1,4.76,4.76,6.08,6.18,4.55,1.38,-0.14
,,P,,,,,,,,,,,,,,,,,,,,,,,,,,,,,,,,,,
214,윤태호,25,-0.14,10,1,9,2,0,0,0,1,0,1,17.1,13,14,13.5,73,16,6,0,2,5,0,0,16,1,0,2,6.75,7.27,7.01,7.21,3.91,1.21,-0.14
,,P,,,,,,,,,,,,,,,,,,,,,,,,,,,,,,,,,,
215,김민주,25,-0.14,3,0,3,0,0,0,0,0,0,0,3,4,4,3.85,17,4,1,1,0,2,2,0,2,0,0,0,12,12,11.55,12.3,6.52,2,-0.14
,,P,,,,,,,,,,,,,,,,,,,,,,,,,,,,,,,,,,
216,김유성,25,-0.14,7,4,3,1,0,0,0,2,0,0,17.1,17,17,15.6,85,17,2,0,3,14,4,0,22,0,0,1,8.83,8.83,8.1,7.99,6.13,1.79,-0.14
,,P,,,,,,,,,,,,,,,,,,,,,,,,,,,,,,,,,,
217,윤석원,25,-0.15,37,0,37,10,0,0,1,1,0,8,37.1,23,23,23.05,160,41,9,3,3,12,2,2,27,0,0,0,5.54,5.54,5.56,6.16,4.18,1.42,-0.15
,,P,,,,,,,,,,,,,,,,,,,,,,,,,,,,,,,,,,
218,최지민,25,-0.15,66,0,66,10,0,0,2,4,0,9,53.1,39,40,35.15,253,46,7,1,5,51,4,0,39,3,0,4,6.58,6.75,5.93,6.08,6.51,1.82,-0.15
,,P,,,,,,,,,,,,,,,,,,,,,,,,,,,,,,,,,,
219,하준영,25,-0.15,10,0,10,2,0,0,1,1,0,1,5.1,4,4,4.7,33,10,4,0,0,7,0,1,5,1,0,0,6.75,6.75,7.93,7.82,5.17,3.19,-0.15
,,P,,,,,,,,,,,,,,,,,,,,,,,,,,,,,,,,,,
220,손힘찬,25,-0.16,4,0,4,2,0,0,0,0,0,0,4,5,5,4.65,22,5,2,0,0,4,1,0,4,0,0,1,11.25,11.25,10.46,12.6,5.42,2.25,-0.16
,,P,,,,,,,,,,,,,,,,,,,,,,,,,,,,,,,,,,
221,정민성,25,-0.17,1,1,0,0,0,0,0,1,0,0,1,4,4,4,7,3,2,1,0,0,2,0,0,0,0,1,36,36,36,31.14,10.32,3,-0.17
,,P,,,,,,,,,,,,,,,,,,,,,,,,,,,,,,,,,,
222,이성원,25,-0.18,4,0,4,2,0,0,0,0,0,0,2.2,5,7,5.45,19,3,1,0,0,4,3,0,3,1,0,0,16.88,23.63,18.39,19,9.51,2.63,-0.18
,,P,,,,,,,,,,,,,,,,,,,,,,,,,,,,,,,,,,
223,김승일,25,-0.18,5,0,5,2,0,0,0,0,0,0,2.2,7,7,5.65,17,3,0,0,1,3,3,0,3,0,0,1,23.63,23.63,19.07,18.89,12.77,2.25,-0.18
,,P,,,,,,,,,,,,,,,,,,,,,,,,,,,,,,,,,,
224,엄상백,25,-0.19,28,16,12,0,0,0,2,7,0,1,80.2,59,60,59.85,379,106,18,3,13,38,8,0,74,0,0,3,6.58,6.69,6.68,6.81,5.37,1.79,-0.19
,,P,,,,,,,,,,,,,,,,,,,,,,,,,,,,,,,,,,
225,김명신,25,-0.2,8,0,8,1,0,0,0,0,0,0,8.1,5,8,8.7,43,13,3,1,0,3,1,0,6,1,0,1,5.4,8.64,9.4,9.33,3.65,1.92,-0.2
,,P,,,,,,,,,,,,,,,,,,,,,,,,,,,,,,,,,,
226,신영우,25,-0.2,8,3,5,2,0,0,1,3,0,0,14.1,12,13,13.15,68,8,2,0,2,16,3,0,19,0,0,4,7.53,8.16,8.26,8.01,6.51,1.67,-0.2
,,P,,,,,,,,,,,,,,,,,,,,,,,,,,,,,,,,,,
227,박준우,25,-0.21,11,1,10,1,0,0,1,2,0,1,12.1,11,11,11.65,64,21,3,1,0,6,1,0,11,0,0,0,8.03,8.03,8.5,7.96,3.51,2.19,-0.21
,,P,,,,,,,,,,,,,,,,,,,,,,,,,,,,,,,,,,
228,이정현,25,-0.22,6,0,6,6,0,0,0,0,0,0,4.1,8,8,8,27,9,3,0,0,4,1,0,3,0,0,0,16.62,16.62,16.62,15.86,5.88,3,-0.22
,,P,,,,,,,,,,,,,,,,,,,,,,,,,,,,,,,,,,
229,구승민,25,-0.22,11,0,11,5,0,0,0,1,0,1,9,7,10,9,45,9,1,1,1,7,1,0,10,1,0,0,7,10,9,9.32,5.31,1.78,-0.22
,,P,,,,,,,,,,,,,,,,,,,,,,,,,,,,,,,,,,
230,김동규,25,-0.22,9,0,9,6,0,0,0,0,0,0,8,6,11,11,49,13,1,0,2,11,0,0,10,1,0,4,6.75,12.38,12.38,11.21,8.17,3,-0.22
,,P,,,,,,,,,,,,,,,,,,,,,,,,,,,,,,,,,,
231,김유영,25,-0.23,6,0,6,4,0,0,0,0,0,0,4.1,6,6,7.55,26,8,3,0,0,4,1,0,5,0,0,0,12.46,12.46,15.68,14.89,4.73,2.77,-0.23
,,P,,,,,,,,,,,,,,,,,,,,,,,,,,,,,,,,,,
232,곽도규,25,-0.24,9,0,9,1,0,0,0,0,0,3,4,6,6,4.3,22,3,0,0,0,6,2,0,5,0,0,1,13.5,13.5,9.68,9.94,7.19,2.25,-0.24
,,P,,,,,,,,,,,,,,,,,,,,,,,,,,,,,,,,,,
233,김호준,25,-0.24,19,0,19,3,0,0,0,1,0,1,10.2,8,11,9.8,54,14,3,0,2,7,0,1,7,2,0,1,6.75,9.28,8.27,8.66,6.61,1.97,-0.24
,,P,,,,,,,,,,,,,,,,,,,,,,,,,,,,,,,,,,
234,김성민,25,-0.25,29,0,29,5,0,0,0,3,0,1,25,13,15,17.05,113,25,3,3,1,13,5,1,18,1,0,0,4.68,5.4,6.14,6.54,4.77,1.52,-0.25
,,P,,,,,,,,,,,,,,,,,,,,,,,,,,,,,,,,,,
235,정현우,25,-0.26,18,18,0,0,0,0,3,7,0,0,81.1,53,63,60.25,384,92,20,0,8,48,6,0,55,7,2,4,5.86,6.97,6.67,6.9,5.52,1.72,-0.26
,,P,,,,,,,,,,,,,,,,,,,,,,,,,,,,,,,,,,
236,정동윤,25,-0.26,12,0,12,7,0,0,0,0,0,0,17.1,16,16,16.35,82,21,6,0,2,12,0,0,17,0,0,1,8.31,8.31,8.49,8.73,5.06,1.9,-0.26
,,P,,,,,,,,,,,,,,,,,,,,,,,,,,,,,,,,,,
237,김태훈,25,-0.27,18,0,18,8,0,0,0,0,0,0,19,11,15,17.05,94,17,2,0,4,16,1,0,9,4,0,5,5.21,7.11,8.08,7.78,8.1,1.74,-0.27
,,P,,,,,,,,,,,,,,,,,,,,,,,,,,,,,,,,,,
238,정세영,25,-0.28,4,1,3,1,0,0,0,1,0,0,2.2,5,6,6,22,9,2,0,0,4,0,0,2,1,0,1,16.88,20.25,20.25,23.01,6.84,4.88,-0.28
,,P,,,,,,,,,,,,,,,,,,,,,,,,,,,,,,,,,,
239,성동현,25,-0.28,12,0,12,6,0,0,0,0,0,0,9,9,9,9.65,45,10,0,0,2,9,0,0,6,0,0,1,9,9,9.65,10.07,8.1,2.11,-0.28
,,P,,,,,,,,,,,,,,,,,,,,,,,,,,,,,,,,,,
240,이상규,25,-0.29,5,0,5,4,0,0,0,1,0,0,9,8,9,9.5,47,16,2,1,0,4,0,0,5,1,0,0,8,9,9.5,9.58,3.95,2.22,-0.29
,,P,,,,,,,,,,,,,,,,,,,,,,,,,,,,,,,,,,
241,김선기,25,-0.29,44,8,36,7,0,0,1,7,0,2,78,49,55,51.2,381,96,17,0,6,47,11,1,43,4,0,2,5.65,6.35,5.91,6.54,5.79,1.83,-0.29
,,P,,,,,,,,,,,,,,,,,,,,,,,,,,,,,,,,,,
242,최충연,25,-0.3,4,0,4,1,0,0,0,0,0,0,1.2,7,8,6.3,15,7,1,0,1,2,1,0,1,0,0,0,37.8,43.2,34.02,33.86,15.32,5.4,-0.3
,,P,,,,,,,,,,,,,,,,,,,,,,,,,,,,,,,,,,
243,손현기,25,-0.3,2,0,2,0,0,0,0,0,0,0,3,5,5,5.35,18,4,1,0,1,6,1,0,1,0,0,1,15,15,16.05,19.33,14.52,3.33,-0.3
,,P,,,,,,,,,,,,,,,,,,,,,,,,,,,,,,,,,,
244,벨라스케즈,25,-0.31,11,7,4,1,0,0,1,4,0,0,35,32,32,31.5,168,47,10,1,7,18,3,0,28,0,2,1,8.23,8.23,8.1,7.8,6.22,1.86,-0.31
,,P,,,,,,,,,,,,,,,,,,,,,,,,,,,,,,,,,,
245,최동환,25,-0.32,20,0,20,9,0,0,1,1,0,0,18.2,18,19,19,91,27,5,1,4,12,1,2,9,0,0,0,8.68,9.16,9.16,8.87,7.32,2.09,-0.32
,,P,,,,,,,,,,,,,,,,,,,,,,,,,,,,,,,,,,
246,이강준,25,-0.33,29,0,29,3,0,0,0,3,0,2,24.2,18,22,18.9,119,29,5,0,3,17,2,0,26,3,0,2,6.57,8.03,6.9,7.78,5.2,1.86,-0.33
,,P,,,,,,,,,,,,,,,,,,,,,,,,,,,,,,,,,,
247,최우석,25,-0.34,12,0,12,4,0,0,0,0,0,0,14.1,13,16,17.9,75,23,5,0,1,9,0,0,15,1,0,5,8.16,10.05,11.24,10.96,4.14,2.23,-0.34
,,P,,,,,,,,,,,,,,,,,,,,,,,,,,,,,,,,,,
248,박세현,25,-0.35,3,0,3,3,0,0,0,0,0,0,3.2,6,6,6.7,21,8,5,0,1,1,1,0,4,0,0,0,14.73,14.73,16.45,15.28,6.18,2.45,-0.35
,,P,,,,,,,,,,,,,,,,,,,,,,,,,,,,,,,,,,
249,이의리,25,-0.36,10,10,0,0,0,0,1,4,0,0,39.2,35,37,34.25,193,41,9,3,6,31,3,0,42,2,0,1,7.94,8.39,7.77,7.91,5.81,1.82,-0.36
,,P,,,,,,,,,,,,,,,,,,,,,,,,,,,,,,,,,,
250,강건,25,-0.39,2,1,1,1,0,0,0,1,0,0,3.2,10,10,10.5,26,7,2,0,1,7,1,0,1,0,0,0,24.55,24.55,25.77,24.53,13.46,3.82,-0.39
,,P,,,,,,,,,,,,,,,,,,,,,,,,,,,,,,,,,,
251,박정훈,25,-0.42,16,3,13,8,0,0,0,1,1,0,23,19,24,21.6,116,24,6,0,1,20,4,0,7,3,0,3,7.43,9.39,8.45,8.98,7.01,1.91,-0.42
,,P,,,,,,,,,,,,,,,,,,,,,,,,,,,,,,,,,,
252,이용찬,25,-0.44,12,3,9,1,0,0,1,2,0,1,15.1,18,18,17.8,83,23,4,0,1,12,4,1,14,0,0,2,10.57,10.57,10.45,9.71,5.75,2.28,-0.44
,,P,,,,,,,,,,,,,,,,,,,,,,,,,,,,,,,,,,
253,이승현,25,-0.46,42,0,42,7,0,0,2,1,0,11,35.2,25,26,30.75,161,43,7,0,9,11,1,1,29,0,0,1,6.31,6.56,7.76,7.03,5.88,1.51,-0.46
,,P,,,,,,,,,,,,,,,,,,,,,,,,,,,,,,,,,,
254,김서준,25,-0.46,4,0,4,2,0,0,0,0,0,0,5.1,12,12,12,34,14,5,0,2,5,0,0,4,0,0,1,20.25,20.25,20.25,21.57,9.51,3.56,-0.46
,,P,,,,,,,,,,,,,,,,,,,,,,,,,,,,,,,,,,
255,임기영,25,-0.48,10,0,10,2,0,0,1,1,0,0,9,13,13,13.85,52,23,4,0,2,4,0,0,5,0,0,0,13,13,13.85,14,6.6,3,-0.48
,,P,,,,,,,,,,,,,,,,,,,,,,,,,,,,,,,,,,
256,한재승,25,-0.49,36,0,36,8,0,0,1,0,1,1,33.1,24,29,29.5,161,40,4,0,5,31,1,0,35,0,0,4,6.48,7.83,7.97,7.81,6.15,2.13,-0.49
,,P,,,,,,,,,,,,,,,,,,,,,,,,,,,,,,,,,,
257,이준혁,25,-0.5,25,3,22,5,0,0,1,3,0,0,37,30,33,32.1,170,43,7,1,8,20,6,2,30,0,0,4,7.3,8.03,7.81,7.51,6.54,1.7,-0.5
,,P,,,,,,,,,,,,,,,,,,,,,,,,,,,,,,,,,,
258,박주성,25,-0.51,18,6,12,5,0,0,2,3,0,1,52,38,40,41.4,235,63,11,2,9,16,3,0,26,2,0,2,6.58,6.92,7.17,7.66,5.9,1.52,-0.51
,,P,,,,,,,,,,,,,,,,,,,,,,,,,,,,,,,,,,
259,조영건,25,-0.51,51,6,45,16,0,0,5,5,8,7,77.2,49,51,51.85,353,84,18,1,12,38,4,0,47,3,0,5,5.68,5.91,6.01,6.65,5.97,1.57,-0.51
,,P,,,,,,,,,,,,,,,,,,,,,,,,,,,,,,,,,,
260,김상수,25,-0.52,45,0,45,14,0,0,0,1,2,3,36.2,26,26,31.35,180,48,10,0,4,18,3,2,27,3,0,1,6.38,6.38,7.7,7.48,5.03,1.8,-0.52
,,P,,,,,,,,,,,,,,,,,,,,,,,,,,,,,,,,,,
261,김연주,25,-0.52,20,8,12,1,0,0,1,3,0,0,51.2,38,40,42.1,250,67,14,2,10,25,6,2,28,4,0,0,6.62,6.97,7.33,7.81,6.73,1.78,-0.52
,,P,,,,,,,,,,,,,,,,,,,,,,,,,,,,,,,,,,
262,박시영,25,-0.54,11,0,11,2,0,0,1,0,0,0,7.1,9,9,8.65,42,9,4,0,0,9,2,0,10,0,0,0,11.05,11.05,10.62,11.45,5.31,2.45,-0.54
,,P,,,,,,,,,,,,,,,,,,,,,,,,,,,,,,,,,,
263,최성영,25,-0.54,35,6,29,2,0,0,2,2,0,4,47.2,33,33,38.1,228,62,13,2,6,28,3,1,33,2,1,2,6.23,6.23,7.19,7.08,5.7,1.89,-0.54
,,P,,,,,,,,,,,,,,,,,,,,,,,,,,,,,,,,,,
264,임진묵,25,-0.55,4,0,4,2,0,0,0,0,0,0,3.2,10,11,9.6,28,10,2,1,0,5,1,0,3,1,0,1,24.55,27,23.56,26.2,7.11,4.09,-0.55
,,P,,,,,,,,,,,,,,,,,,,,,,,,,,,,,,,,,,
265,최지강,25,-0.56,39,0,39,9,0,0,2,5,0,5,32.2,23,25,25.35,149,41,5,0,3,13,2,1,38,0,0,3,6.34,6.89,6.98,7.38,3.47,1.65,-0.56
,,P,,,,,,,,,,,,,,,,,,,,,,,,,,,,,,,,,,
266,이호민,25,-0.67,13,0,13,6,0,0,1,0,0,0,14.2,14,14,17.8,72,21,5,0,0,9,2,1,7,0,0,0,8.59,8.59,10.92,11.6,4.91,2.05,-0.67
,,P,,,,,,,,,,,,,,,,,,,,,,,,,,,,,,,,,,
267,이형범,25,-0.71,12,0,12,5,0,0,0,0,0,0,10,13,16,18.05,56,21,6,1,0,5,0,1,6,1,0,0,11.7,14.4,16.25,15.67,3.7,2.6,-0.71
,,P,,,,,,,,,,,,,,,,,,,,,,,,,,,,,,,,,,
268,양지율,25,-0.72,18,0,18,4,0,0,0,2,0,1,14,13,13,14,69,18,1,2,3,7,3,0,10,0,0,1,8.36,8.36,9,10.63,6.97,1.79,-0.72
,,P,,,,,,,,,,,,,,,,,,,,,,,,,,,,,,,,,,
269,김시훈,25,-0.72,24,0,24,10,0,0,1,0,0,1,25.2,23,25,27.8,118,33,6,0,7,10,0,1,18,2,0,0,8.06,8.77,9.75,9.63,6.53,1.68,-0.72
,,P,,,,,,,,,,,,,,,,,,,,,,,,,,,,,,,,,,
270,박윤성,25,-0.73,54,0,54,11,0,0,0,5,1,6,51.2,26,31,37.7,226,55,12,0,9,19,1,0,40,2,1,4,4.53,5.4,6.57,6.93,5.29,1.43,-0.73
,,P,,,,,,,,,,,,,,,,,,,,,,,,,,,,,,,,,,
271,김진욱,25,-0.73,14,6,8,0,0,0,1,3,0,0,27,30,32,32.7,136,42,6,0,10,16,2,0,24,1,0,0,10,10.67,10.9,10.06,8.24,2.15,-0.73
,,P,,,,,,,,,,,,,,,,,,,,,,,,,,,,,,,,,,
272,김재열,25,-0.73,22,0,22,10,0,0,0,1,0,2,21.2,15,16,23.55,111,32,6,1,5,16,1,1,16,1,0,2,6.23,6.65,9.78,9.62,7.33,2.22,-0.73
,,P,,,,,,,,,,,,,,,,,,,,,,,,,,,,,,,,,,
273,김건국,25,-0.75,26,6,20,6,0,0,0,3,0,1,46,35,38,40.45,216,59,9,0,11,17,5,0,31,3,0,3,6.85,7.43,7.91,8.08,6.61,1.65,-0.75
,,P,,,,,,,,,,,,,,,,,,,,,,,,,,,,,,,,,,
274,김태경,25,-0.83,6,4,2,0,0,0,0,0,0,1,11,13,20,19.65,62,18,3,0,4,9,2,1,10,1,0,1,10.64,16.36,16.08,15,8.88,2.45,-0.83
,,P,,,,,,,,,,,,,,,,,,,,,,,,,,,,,,,,,,
275,김윤하,25,-0.84,19,18,1,0,0,0,0,12,0,0,88,60,76,68.95,422,113,18,2,16,44,3,1,52,8,0,2,6.14,7.77,7.05,7.86,6.31,1.78,-0.84
,,P,,,,,,,,,,,,,,,,,,,,,,,,,,,,,,,,,,
276,임정호,25,-0.87,31,0,31,3,0,0,1,1,0,4,18.2,10,13,18.85,88,18,3,1,3,9,4,1,15,2,0,1,4.82,6.27,9.09,9.02,5.88,1.45,-0.87
,,P,,,,,,,,,,,,,,,,,,,,,,,,,,,,,,,,,,
277,이준우,25,-1.14,31,0,31,4,0,0,1,4,0,3,23,22,23,26.15,118,37,7,1,6,12,1,0,22,2,0,0,8.61,9,10.23,10.89,5.92,2.13,-1.14
,,P,,,,,,,,,,,,,,,,,,,,,,,,,,,,,,,,,,
278,고효준,25,-1.17,45,0,45,2,0,0,2,1,0,9,21,16,16,22.5,104,29,2,1,4,14,1,1,19,0,0,4,6.86,6.86,9.64,9.87,6.06,2.05,-1.17
,,P,,,,,,,,,,,,,,,,,,,,,,,,,,,,,,,,,,
279,전준표,25,-1.18,21,1,20,4,0,0,2,2,0,1,20.1,20,22,24.05,114,33,8,0,2,19,3,3,15,1,0,3,8.85,9.74,10.65,10.89,6.55,2.56,-1.18
,,P,,,,,,,,,,,,,,,,,,,,,,,,,,,,,,,,,,
280,윤현,25,-1.49,17,3,14,0,0,0,2,1,0,0,22,21,28,29.15,125,31,4,1,2,23,5,0,15,5,0,5,8.59,11.45,11.93,13.74,7.37,2.45,-1.49
,,P,,,,,,,,,,,,,,,,,,,,,,,,,,,,,,,,,,
281,원종현,25,-1.66,61,0,61,13,0,0,2,4,5,11,54.1,37,42,44.55,248,68,8,2,5,18,3,2,40,2,0,6,6.13,6.96,7.38,7.9,4.29,1.58,-1.66
,,P,,,,,,,,,,,,,,,,,,,,,,,,,,,,,,,,,,
