選手,登板,勝利,敗北,セーブ,ホールド,ＨＰ,完投,完封勝,無四球,勝率,打者,投球回,安打,本塁打,四球,故意四,死球,三振,暴投,ボーク,失点,自責点,防御率
赤星　優志,22,6,9,0,0,0,1,1,1,0.4,488,121,110,12,19,3,5,88,0,0,42,36,2.68
*石川　達也,41,5,4,0,3,7,0,0,0,0.556,247,59,54,2,19,2,1,46,1,0,16,14,2.14
泉　圭輔,10,0,0,0,0,0,0,0,0,0,59,12.1,14,2,6,0,2,12,1,0,9,8,5.84
*井上　温大,20,4,8,0,0,0,0,0,0,0.333,453,107,115,15,19,1,2,100,0,0,48,44,3.7
菊地　大稀,7,1,1,0,0,1,0,0,0,0.5,41,10,7,1,4,1,0,16,0,0,3,2,1.8
*グリフィン,14,6,1,0,0,0,0,0,0,0.857,307,78,56,1,18,2,5,77,1,0,15,14,1.62
ケラー,45,1,1,0,6,7,0,0,0,0.5,186,46.1,27,5,22,1,0,49,0,0,16,16,3.11
大勢,62,8,4,1,46,54,0,0,0,0.667,244,59.2,47,4,14,4,4,60,3,0,14,14,2.11
*高梨　雄平,21,0,1,0,5,5,0,0,0,0,74,15,14,0,14,3,3,16,0,1,6,6,3.6
田中　瑛斗,62,1,3,0,36,37,0,0,0,0.25,208,50.2,45,3,20,9,2,38,0,0,13,12,2.13
田中　将大,10,3,4,0,0,0,0,0,0,0.429,209,45,53,4,21,2,1,29,1,0,30,25,5
戸郷　翔征,21,8,9,0,0,1,0,0,0,0.471,497,111,124,8,46,1,2,87,2,0,58,51,4.14
戸田　懐生,2,0,1,0,0,0,0,0,0,0,12,2.2,3,0,1,1,0,0,0,0,1,1,3.38
*中川　皓太,63,2,4,0,36,38,0,0,0,0.333,225,52.1,55,4,12,2,3,57,0,0,16,13,2.24
西舘　勇陽,15,2,3,0,1,1,0,0,0,0.4,228,53.1,58,6,11,1,2,45,1,0,26,25,4.22
*バルドナード,19,1,0,0,6,7,0,0,0,1,58,13.2,8,0,10,0,0,13,1,0,5,5,3.29
馬場　皐輔,8,0,0,0,0,0,0,0,0,0,32,7.1,6,0,4,0,0,5,1,0,4,3,3.68
船迫　大雅,57,2,3,0,17,19,0,0,0,0.4,190,48,34,8,14,5,2,43,0,0,15,15,2.81
平内　龍太,12,1,1,0,1,2,0,0,0,0.5,63,15.2,18,1,1,0,0,9,0,0,10,10,5.74
堀田　賢慎,8,0,1,0,0,0,0,0,0,0,99,22.1,23,4,11,0,1,13,0,0,13,13,5.24
マルティネス,58,3,2,46,3,6,0,0,0,0.6,211,56.2,32,3,11,3,0,65,1,0,7,7,1.11
*又木　鉄平,5,0,1,0,0,0,0,0,0,0,58,13.1,16,1,2,1,1,8,1,0,7,7,4.73
*宮原　駿介,14,0,0,0,2,2,0,0,0,0,59,14.2,12,2,4,1,0,14,0,0,6,6,3.68
*森田　駿哉,9,3,4,0,0,0,0,0,0,0.429,162,37.2,35,4,14,2,1,25,1,0,19,15,3.58
山﨑　伊織,25,11,4,0,0,0,1,0,0,0.733,625,156.1,124,9,36,6,6,131,4,0,40,36,2.07
*山田　龍聖,2,0,0,0,0,0,0,0,0,0,15,4,3,1,1,0,1,1,0,0,2,2,4.5
*横川　凱,25,2,0,0,1,1,0,0,0,1,269,66,63,5,16,0,3,41,0,1,20,19,2.59
石井　大智,53,1,0,9,36,37,0,0,0,1,199,53,37,0,7,2,1,42,2,0,1,1,0.17
石黒　佑弥,8,0,0,0,1,1,0,0,0,0,33,8,9,1,2,0,0,7,0,0,4,4,4.5
*伊藤　将司,14,4,3,0,0,0,1,1,0,0.571,348,88,78,8,12,3,0,49,1,0,31,30,3.07
*伊原　陵人,28,5,7,0,1,1,0,0,0,0.417,448,110,95,4,25,2,2,81,1,1,36,28,2.29
茨木　秀俊,2,0,0,0,0,0,0,0,0,0,11,2.2,1,0,1,0,0,1,0,0,0,0,0
*岩貞　祐太,29,3,1,0,4,7,0,0,0,0.75,123,29.2,30,1,7,0,0,22,1,0,7,7,2.12
*岩崎　優,53,1,3,31,8,9,0,0,0,0.25,211,51.1,49,1,13,2,0,40,0,0,15,12,2.1
漆原　大晟,11,0,0,0,2,2,0,0,0,0,43,11.2,5,0,5,1,0,9,1,0,0,0,0
*大竹　耕太郎,16,9,4,0,0,0,1,1,0,0.692,388,98,87,5,7,1,8,48,1,0,31,31,2.85
岡留　英貴,10,1,0,0,3,4,0,0,0,1,38,9.1,7,1,3,1,0,2,0,0,2,2,1.93
*及川　雅貴,66,6,3,1,46,52,0,0,0,0.667,237,62,34,2,17,3,2,66,1,1,8,6,0.87
木下　里都,11,0,0,0,1,1,0,0,0,0,59,13.2,18,0,2,1,0,12,1,0,7,5,3.29
*桐敷　拓馬,43,2,1,1,13,15,0,0,0,0.667,166,38,45,0,7,2,2,35,0,0,13,12,2.84
工藤　泰成,18,0,2,0,1,1,0,0,0,0,72,16.1,12,0,13,0,1,16,2,0,7,6,3.31
ゲラ,6,0,1,0,1,1,0,0,0,0,29,4.2,10,0,5,0,0,4,0,0,7,7,13.5
才木　浩人,24,12,6,0,0,0,3,2,2,0.667,636,157,123,6,44,3,1,122,1,0,29,27,1.55
椎葉　剛,3,0,0,0,0,0,0,0,0,0,13,3,2,0,2,0,0,1,0,0,0,0,0
*島本　浩也,16,2,1,0,2,4,0,0,0,0.667,56,14.1,12,1,3,1,1,6,0,0,3,3,1.88
*髙橋　遥人,8,3,1,0,0,0,0,0,0,0.75,174,43.1,38,3,8,0,0,48,0,0,16,11,2.28
デュプランティエ,15,6,3,0,0,0,2,2,0,0.667,349,90.2,53,1,20,1,6,113,2,0,19,14,1.39
ドリス,20,2,2,0,5,7,0,0,0,0.5,74,18.2,14,1,5,0,0,16,0,0,4,4,1.93
*富田　蓮,9,1,0,0,0,0,0,0,0,1,95,23.1,26,0,3,0,0,10,2,0,8,8,3.09
西　勇輝,1,0,1,0,0,0,0,0,0,0,23,4.2,7,0,2,0,0,2,0,0,3,3,5.79
ネルソン,23,2,1,0,7,8,0,0,0,0.667,136,32.2,29,2,9,1,2,25,3,0,7,7,1.93
ハートウィグ,16,2,0,0,5,7,0,0,0,1,53,12.1,9,1,7,0,1,8,1,0,5,5,3.65
畠　世周,12,0,0,0,4,4,0,0,0,0,47,12.1,8,0,5,1,0,3,0,0,0,0,0
早川　太貴,3,2,0,0,0,0,0,0,0,1,42,11.1,8,0,2,0,1,5,0,1,0,0,0
ビーズリー,8,1,3,0,0,1,0,0,0,0.25,132,29.1,35,0,12,2,3,25,1,0,16,15,4.6
村上　頌樹,26,14,4,0,0,0,3,3,2,0.778,679,175.1,131,9,25,4,7,144,3,1,41,41,2.1
*門別　啓人,12,2,3,0,0,0,0,0,0,0.4,198,44.2,55,5,15,1,3,28,0,0,22,22,4.43
湯浅　京己,40,4,4,0,22,26,0,0,0,0.5,144,35.2,26,1,15,2,2,27,1,0,10,10,2.52
*東　克樹,24,14,8,0,0,0,2,0,1,0.636,648,160.1,142,15,26,0,5,123,0,0,50,39,2.19
石田　裕太郎,21,3,5,0,1,1,1,1,0,0.375,361,90.2,73,10,21,3,0,94,1,0,42,36,3.57
伊勢　大夢,55,0,5,13,32,32,0,0,0,0,214,53,46,3,13,2,1,58,0,0,17,17,2.89
入江　大生,50,3,3,22,6,9,0,0,0,0.5,190,45.2,33,6,19,1,1,45,0,0,18,16,3.15
*岩田　将貴,3,0,0,0,0,0,0,0,0,0,7,1,2,0,1,0,1,0,0,0,2,2,18
ウィック,40,4,1,5,21,25,0,0,0,0.8,161,42.2,25,0,11,0,3,49,1,0,4,4,0.84
大貫　晋一,11,2,6,0,0,0,1,1,0,0.25,274,67,67,4,13,1,3,44,0,0,24,23,3.09
*ケイ,24,9,6,0,0,0,1,1,0,0.6,604,155,111,8,41,2,3,130,1,0,31,30,1.74
小園　健太,1,1,0,0,0,0,0,0,0,1,21,5,3,1,4,0,0,4,0,0,3,3,5.4
*坂本　裕哉,35,4,1,0,4,8,0,0,0,0.8,157,37,35,2,10,2,1,33,2,0,14,13,3.16
佐々木　千隼,20,2,1,0,4,6,0,0,0,0.667,94,21.2,20,1,11,1,1,20,0,0,10,10,4.15
ジャクソン,25,10,7,0,0,0,0,0,0,0.588,636,150.2,134,9,55,4,9,109,7,0,46,39,2.33
篠木　健太郎,3,0,1,0,1,1,0,0,0,0,27,5.1,6,1,4,0,1,3,0,0,6,6,10.13
平良　拳太郎,12,4,3,0,1,1,1,1,1,0.571,228,55,54,5,11,0,1,46,0,0,19,18,2.95
竹田　祐,6,4,1,0,0,0,0,0,0,0.8,141,37.1,23,3,10,1,1,27,0,0,7,7,1.69
*武田　陸玖,1,1,0,0,0,1,0,0,0,1,4,1,2,0,0,0,0,0,0,0,1,1,9
中川　虎大,30,0,1,1,3,3,0,0,0,0,106,25.2,24,3,7,2,0,25,1,0,9,9,3.16
バウアー,21,4,10,0,0,0,2,1,0,0.286,570,133.2,135,15,48,5,4,119,2,0,67,67,4.51
橋本　達弥,1,0,0,0,0,0,0,0,0,0,7,1,3,0,1,1,0,0,0,0,2,2,18
浜地　真澄,3,0,0,0,0,0,0,0,0,0,12,3,2,2,1,0,0,5,0,0,2,2,6
颯,27,0,1,0,2,2,0,0,0,0,105,23.1,26,1,8,2,2,16,0,0,6,5,1.93
藤浪　晋太郎,6,1,0,0,0,0,0,0,0,1,95,22,20,1,9,0,2,19,3,0,10,10,4.09
堀岡　隼人,13,0,0,0,0,0,0,0,0,0,62,13,17,1,8,1,0,19,0,0,6,5,3.46
マルセリーノ,2,0,0,0,0,0,0,0,0,0,9,1.1,1,0,3,0,1,3,0,0,2,2,13.5
松本　凌人,4,0,0,0,0,0,0,0,0,0,19,3.2,5,0,4,0,0,1,1,1,3,3,7.36
三嶋　一輝,6,0,0,0,0,0,0,0,0,0,39,6.2,13,1,6,2,0,4,1,0,10,8,10.8
宮城　滝太,50,4,1,0,14,18,0,0,0,0.8,214,51.2,40,1,24,2,0,44,2,0,15,12,2.09
森　唯斗,2,1,0,0,0,0,0,0,0,1,21,6,5,1,0,0,0,4,0,0,2,2,3
森原　康平,30,0,2,0,11,11,0,0,0,0,109,28,20,1,3,1,1,25,0,0,9,8,2.57
山﨑　康晃,17,0,3,1,1,1,0,0,0,0,65,15,14,4,7,2,0,12,0,0,7,7,4.2
吉野　光樹,2,0,0,0,0,0,0,0,0,0,35,7.2,8,2,5,0,0,8,0,0,5,4,4.7
若松　尚輝,7,0,0,0,0,0,0,0,0,0,36,8,14,1,1,0,0,3,0,0,7,7,7.88
アドゥワ　誠,4,0,3,0,0,0,0,0,0,0,88,19,26,2,5,0,1,11,0,0,14,11,5.21
遠藤　淳志,7,1,2,0,0,0,0,0,0,0.333,68,14,19,2,6,2,0,15,0,0,10,9,5.79
大瀬良　大地,23,7,9,0,0,0,0,0,0,0.438,571,134.2,131,11,38,5,2,88,4,0,57,52,3.48
大道　温貴,1,0,0,0,0,0,0,0,0,0,3,1,0,0,0,0,0,2,0,0,0,0,0
岡本　駿,41,1,1,0,1,2,0,0,0,0.5,169,40.2,44,1,6,1,1,37,1,1,13,13,2.88
菊地　ハルン,4,0,0,0,0,0,0,0,0,0,15,4,2,0,1,0,0,1,0,0,1,1,2.25
栗林　良吏,55,1,1,10,23,24,0,0,0,0.5,210,52.1,35,3,18,2,1,54,0,0,14,13,2.24
斉藤　優汰,2,0,1,0,0,0,0,0,0,0,26,5.2,7,1,2,0,0,7,2,0,5,5,7.94
*佐藤　柳之介,6,1,2,0,0,0,0,0,0,0.333,108,25,22,1,13,0,0,17,1,0,11,10,3.6
島内　颯太郎,60,4,2,1,29,33,0,0,0,0.667,224,57.2,30,1,21,1,1,57,2,0,11,9,1.4
鈴木　健矢,24,2,0,0,0,2,0,0,0,1,137,33.1,27,1,8,1,3,19,0,1,8,7,1.89
*髙　太一,8,3,2,0,0,0,1,0,0,0.6,179,45.1,34,3,13,0,1,32,0,0,13,13,2.58
*高橋　昂也,24,2,1,0,1,3,0,0,0,0.667,141,35,31,2,9,1,2,26,1,0,13,10,2.57
*滝田　一希,7,0,0,0,0,0,0,0,0,0,32,8.1,3,0,5,0,0,7,0,0,2,2,2.16
*玉村　昇悟,17,6,8,0,0,0,0,0,0,0.429,368,88.1,92,3,13,1,3,71,0,0,40,38,3.87
*辻　大雅,16,0,0,0,0,0,0,0,0,0,62,16,12,2,3,0,0,21,0,0,2,2,1.13
常廣　羽也斗,7,2,4,0,0,0,0,0,0,0.333,125,26,37,2,4,0,4,21,1,0,28,23,7.96
ドミンゲス,6,1,1,0,0,0,0,0,0,0.5,114,26.2,18,2,17,0,1,20,1,0,11,11,3.71
*床田　寛樹,26,9,12,0,0,0,6,3,3,0.429,705,171.1,158,13,42,3,1,102,5,0,64,60,3.15
中﨑　翔太,51,3,2,0,14,17,0,0,0,0.6,172,42,36,2,9,2,4,29,1,0,12,11,2.36
*ハーン,55,1,2,8,21,22,0,0,0,0.333,222,51,54,3,17,3,3,54,4,0,20,19,3.35
*長谷部　銀次,5,0,0,0,0,0,0,0,0,0,30,5.1,9,0,4,0,1,7,0,0,9,9,15.19
*塹江　敦哉,28,0,1,1,8,8,0,0,0,0,104,21.2,26,2,8,1,3,28,1,0,13,13,5.4
益田　武尚,4,0,0,0,0,0,0,0,0,0,23,5,6,1,3,0,1,5,0,0,5,5,9
松本　竜也,4,0,0,0,0,0,0,0,0,0,17,3.2,4,1,1,0,0,4,0,0,4,2,4.91
*森　翔平,23,7,8,0,0,0,1,1,0,0.467,554,132,129,14,32,1,4,101,2,0,54,52,3.55
*森浦　大輔,60,2,3,12,25,27,0,0,0,0.4,224,55.1,44,3,15,5,4,60,5,0,10,10,1.63
森下　暢仁,22,6,14,0,0,0,3,0,1,0.3,622,152.1,140,6,37,3,5,92,1,0,53,42,2.48
アビラ,15,7,8,0,0,1,0,0,0,0.467,343,82.1,70,4,30,1,4,61,6,0,41,37,4.04
青柳　晃洋,3,0,2,0,0,0,0,0,0,0,65,13.1,14,3,11,0,3,9,0,0,12,12,8.1
*石川　雅規,8,2,4,0,1,1,0,0,0,0.333,134,27.2,42,3,9,1,2,9,0,0,28,25,8.13
*石原　勇輝,2,0,0,0,0,0,0,0,0,0,23,4,8,0,3,0,0,3,0,0,6,5,11.25
石山　泰稚,42,3,3,14,7,10,0,0,0,0.5,153,40.2,23,3,8,1,1,38,0,0,11,10,2.21
大西　広樹,50,3,3,4,21,24,0,0,0,0.5,193,46,41,0,14,2,2,35,4,0,8,6,1.17
小川　泰弘,13,4,5,0,0,0,1,1,1,0.444,336,78.1,89,7,15,1,1,48,1,0,38,32,3.68
奥川　恭伸,18,4,8,0,0,0,0,0,0,0.333,457,100,127,11,33,2,4,77,3,0,53,48,4.32
金久保　優斗,12,0,1,0,1,1,0,0,0,0,66,14,23,4,4,0,0,11,1,0,12,12,7.71
木澤　尚文,42,2,1,0,9,11,0,0,0,0.667,182,39.2,40,2,21,3,4,24,3,1,15,15,3.4
北村　拓己,1,0,0,0,0,0,0,0,0,0,6,1,2,0,1,0,0,1,0,0,1,1,9
小澤　怜史,25,0,5,0,3,3,0,0,0,0,124,26.1,27,5,18,2,1,30,0,0,17,16,5.47
阪口　皓亮,18,0,0,0,0,0,0,0,0,0,108,24.1,27,2,13,1,3,12,1,0,11,10,3.7
*坂本　拓己,1,0,0,0,0,0,0,0,0,0,4,1,1,0,0,0,0,1,0,0,0,0,0
清水　昇,35,0,2,1,5,5,0,0,0,0,173,38,51,2,10,2,1,37,1,0,22,20,4.74
下川　隼佑,9,2,1,0,0,0,0,0,0,0.667,112,29.2,19,2,7,0,2,20,0,0,9,9,2.73
*荘司　宏太,45,2,1,0,28,30,0,0,0,0.667,160,42.2,19,1,17,0,2,53,0,0,5,5,1.05
高梨　裕稔,17,3,6,0,0,0,0,0,0,0.333,402,95.2,95,7,25,1,4,77,4,1,40,33,3.1
*高橋　奎二,8,3,2,0,0,0,0,0,0,0.6,175,42,34,3,16,1,1,41,2,0,11,11,2.36
*田口　麗斗,36,1,1,0,11,12,0,0,0,0.5,122,29.1,21,0,10,1,2,25,1,0,11,9,2.76
中村　優斗,4,1,2,0,0,0,0,0,0,0.333,81,16.1,25,2,6,1,3,13,0,0,11,10,5.51
沼田　翔平,1,0,0,0,0,0,0,0,0,0,8,1,5,2,0,0,0,0,0,0,4,4,36
バウマン,16,0,2,0,1,1,0,0,0,0,75,15,17,3,12,2,0,19,0,0,8,7,4.2
*長谷川　宙輝,4,0,0,0,0,0,0,0,0,0,24,4.2,6,0,2,0,1,2,0,0,2,2,3.86
星　知弥,44,1,2,17,17,18,0,0,0,0.333,177,43,38,2,13,3,1,41,1,0,8,8,1.67
松本　健吾,23,1,0,0,0,1,0,0,0,1,131,33.2,29,3,7,0,0,24,0,0,7,7,1.87
丸山　翔大,8,0,0,0,0,0,0,0,0,0,45,9.2,11,2,6,0,0,11,1,0,9,9,8.38
矢崎　拓也,45,2,0,0,12,14,0,0,0,1,162,42,26,1,14,1,0,34,1,0,9,9,1.93
*山野　太一,14,5,3,0,0,0,0,0,0,0.625,339,78.2,89,12,21,2,1,65,1,0,35,32,3.66
*山本　大貴,17,0,0,0,1,1,0,0,0,0,74,15.2,19,1,6,0,1,6,1,0,12,9,5.17
吉村　貢司郎,22,8,6,0,0,0,0,0,0,0.571,546,130,132,14,27,1,2,85,1,0,51,44,3.05
ランバート,21,3,11,0,0,0,0,0,0,0.214,508,116.1,123,11,52,1,3,104,5,0,57,55,4.26
伊藤　茉央,12,1,0,0,0,1,0,0,0,1,46,11.1,9,0,5,0,0,5,0,0,2,1,0.79
岩嵜　翔,4,1,0,0,0,1,0,0,0,1,22,4.1,9,1,0,0,0,3,0,0,1,1,2.08
ウォルターズ,3,0,0,0,0,0,0,0,0,0,22,5,3,0,5,0,0,5,0,0,0,0,0
梅野　雄吾,26,2,1,0,2,4,0,0,0,0.667,114,26.2,20,2,14,1,2,25,2,0,12,12,4.05
*大野　雄大,20,11,4,0,0,0,1,0,0,0.733,477,120,95,6,26,0,4,72,0,0,34,28,2.1
*岡田　俊哉,4,0,1,0,0,0,0,0,0,0,34,7.2,10,1,1,0,0,9,0,0,7,7,8.22
勝野　昌慶,25,4,4,0,5,9,0,0,0,0.5,117,27,27,2,11,1,1,34,3,0,16,15,5
*金丸　夢斗,15,2,6,0,0,0,0,0,0,0.25,395,96.2,86,9,19,1,3,78,0,0,36,28,2.61
草加　勝,1,0,1,0,0,0,0,0,0,0,21,3.1,8,0,1,0,1,5,0,0,5,5,13.5
*近藤　廉,16,0,0,0,1,1,0,0,0,0,71,16.1,9,1,13,0,0,17,1,0,6,4,2.2
*齋藤　綱記,42,4,0,0,19,23,0,0,0,1,136,33,22,1,16,2,4,29,0,0,6,6,1.64
清水　達也,55,4,1,4,30,34,0,0,0,0.8,222,52.1,49,0,21,5,1,47,2,0,15,13,2.24
祖父江　大輔,19,0,0,0,1,1,0,0,0,0,81,17.2,29,1,6,0,1,4,0,0,9,9,4.58
髙橋　宏斗,26,8,10,0,0,1,3,2,1,0.444,690,171.2,145,11,50,2,5,138,9,0,57,54,2.83
仲地　礼亜,1,0,0,0,0,0,0,0,0,0,15,2.2,3,0,4,0,1,1,1,0,1,1,3.38
根尾　昂,4,0,0,0,0,0,0,0,0,0,27,5.2,9,2,2,0,0,5,0,0,5,5,7.94
*橋本　侑樹,42,2,3,0,12,14,0,0,0,0.4,167,40,38,3,12,2,1,40,2,0,16,15,3.38
*福　敬登,17,0,1,0,4,4,0,0,0,0,72,16.2,12,0,10,1,0,11,0,0,2,1,0.54
*福田　幸之介,1,0,0,0,0,0,0,0,0,0,3,1,0,0,0,0,0,1,0,0,0,0,0
藤嶋　健人,60,1,4,1,23,24,0,0,0,0.2,221,52.2,48,3,16,3,0,34,1,0,21,19,3.25
*マラー,18,4,9,0,0,0,0,0,0,0.308,436,101.2,102,7,28,1,3,86,5,0,44,40,3.54
マルテ,35,1,4,2,14,15,0,0,0,0.2,131,32.1,21,2,11,0,4,25,2,0,10,7,1.95
松木平　優太,1,0,0,0,0,0,0,0,0,0,10,3,2,0,0,0,0,3,0,0,0,0,0
*松葉　貴大,23,7,11,0,0,0,1,0,0,0.389,595,145.2,136,9,37,1,7,61,1,0,45,44,2.72
松山　晋也,53,0,1,46,5,5,0,0,0,0,207,52.2,40,2,11,0,1,72,1,0,9,9,1.54
*三浦　瑞樹,7,2,3,0,0,0,0,0,0,0.4,157,33,38,4,22,1,1,21,1,1,20,17,4.64
メヒア,25,2,2,0,12,12,0,0,0,0.5,180,45.2,35,6,14,2,0,28,0,0,17,17,3.35
柳　裕也,14,3,5,0,0,0,0,0,0,0.375,339,79.1,75,2,28,0,5,66,3,0,30,29,3.29
*吉田　聖弥,5,0,1,0,0,0,0,0,0,0,40,9,10,1,5,0,0,3,0,0,6,5,5
涌井　秀章,12,4,6,0,0,0,0,0,0,0.4,267,63.1,63,4,19,1,6,41,2,0,31,29,4.12
有原　航平,26,14,9,0,0,0,1,1,0,0.609,724,175,167,10,41,1,6,121,2,0,67,59,3.03
伊藤　優輔,5,0,0,0,0,0,0,0,0,0,28,7,4,0,2,0,2,5,0,0,0,0,0
岩井　俊介,8,0,0,0,1,1,0,0,0,0,41,9.1,11,1,2,0,1,5,0,0,3,3,2.89
岩崎　峻典,1,0,0,0,0,0,0,0,0,0,8,1,4,0,1,0,0,2,0,0,3,3,27
上沢　直之,23,12,6,0,0,0,1,0,0,0.667,577,144.2,113,12,36,1,5,115,0,0,52,44,2.74
オスナ,26,3,1,8,6,9,0,0,0,0.75,106,26,23,2,6,1,3,16,0,0,12,12,4.15
*大江　竜聖,16,0,1,0,1,1,0,0,0,0,69,17.2,8,1,9,0,2,17,0,0,3,3,1.53
*大関　友久,24,13,5,0,0,0,0,0,0,0.722,586,146.2,107,11,35,1,5,97,0,0,36,27,1.66
大津　亮介,12,6,2,0,0,0,0,0,0,0.75,260,65.2,63,6,10,1,2,36,0,0,17,14,1.92
*大野　稼頭央,4,0,0,0,0,0,0,0,0,0,17,4.1,4,0,2,0,0,1,0,0,0,0,0
大山　凌,26,1,1,1,3,4,0,0,0,0.5,134,30.2,30,1,12,2,1,21,0,0,9,8,2.35
尾形　崇斗,38,1,1,0,5,6,0,0,0,0.5,154,34.2,36,7,12,1,0,41,2,0,21,18,4.67
上茶谷　大河,8,0,0,0,0,0,0,0,0,0,57,13,15,3,3,0,0,11,0,0,11,10,6.92
川口　冬弥,5,0,0,0,0,0,0,0,0,0,21,6,3,0,1,0,0,7,0,0,0,0,0
木村　光,13,0,0,1,0,0,0,0,0,0,65,17.2,9,1,5,0,0,17,0,0,2,2,1.02
杉山　一樹,65,3,4,31,10,13,0,0,0,0.429,270,64.1,48,3,23,0,9,85,4,0,17,13,1.82
津森　宥紀,22,1,1,1,3,4,0,0,0,0.5,103,21.1,27,2,8,2,4,25,1,0,8,8,3.38
東浜　巨,7,4,2,0,0,1,0,0,0,0.667,132,32.1,30,2,5,0,0,19,0,0,11,9,2.51
藤井　皓哉,51,2,3,2,19,21,0,0,0,0.4,195,50,32,2,14,0,2,75,2,0,9,8,1.44
*ヘルナンデス,42,1,2,0,9,10,0,0,0,0.333,164,40.1,34,1,12,0,3,43,1,0,15,15,3.35
*前田　純,10,2,2,0,0,0,0,0,0,0.5,213,49,44,3,17,0,6,31,0,0,18,17,3.12
*前田　悠伍,3,1,1,0,0,0,0,0,0,0.5,46,11.1,14,3,1,0,0,12,0,0,7,5,3.97
*松本　晴,29,6,6,0,2,3,0,0,0,0.5,388,91.1,94,6,23,3,5,92,2,0,33,28,2.76
松本　裕樹,51,5,2,0,39,44,0,0,0,0.714,188,50.2,28,3,13,2,2,56,1,0,6,6,1.07
*宮﨑　颯,2,0,0,0,0,0,0,0,0,0,9,2,3,0,0,0,0,2,0,0,0,0,0
*モイネロ,24,12,3,0,0,0,3,2,1,0.8,639,167,112,10,42,0,3,172,1,0,29,27,1.46
池田　隆英,24,0,3,0,13,13,0,0,0,0,94,22,21,1,5,1,1,14,2,0,6,6,2.45
伊藤　大海,27,14,8,0,0,0,6,1,0,0.636,797,196.2,179,15,29,3,8,195,4,0,60,55,2.52
*上原　健太,27,3,1,1,13,16,0,0,0,0.75,98,24.1,15,1,8,1,3,24,0,0,3,3,1.11
*加藤　貴之,20,9,6,0,0,0,3,0,2,0.6,486,119,125,15,13,2,2,56,0,0,47,45,3.4
金村　尚真,28,5,7,0,5,6,4,3,1,0.417,386,95.1,94,8,13,0,2,62,1,0,32,31,2.93
*河野　竜生,32,2,0,0,18,20,0,0,0,1,107,26.2,19,4,6,0,4,21,1,0,14,12,4.05
北山　亘基,22,9,5,0,0,0,4,0,0,0.643,599,149,112,7,45,0,4,143,2,0,37,27,1.63
畔柳　亨丞,5,0,0,0,1,1,0,0,0,0,24,5,5,1,2,0,0,5,1,0,2,1,1.8
古林　睿煬,7,2,2,0,0,0,1,1,1,0.5,136,32.1,30,4,9,1,0,34,0,0,16,13,3.62
ザバラ,2,0,0,0,0,0,0,0,0,0,9,2.1,1,0,1,0,0,2,0,0,1,1,3.86
齋藤　友貴哉,47,1,2,3,14,15,0,0,0,0.333,180,46.2,31,1,14,0,2,37,1,0,7,7,1.35
柴田　獅子,4,0,0,0,1,1,0,0,0,0,49,12.1,11,0,0,0,2,7,0,0,4,4,2.92
杉浦　稔大,18,2,2,0,1,3,0,0,0,0.5,64,16.1,14,6,3,0,0,12,0,0,10,9,4.96
孫　易磊,9,0,2,1,4,4,0,0,0,0,54,12.1,12,2,6,0,0,10,0,0,7,7,5.11
達　孝太,16,8,2,0,0,0,3,1,1,0.8,418,107.2,80,7,20,0,1,94,1,1,27,25,2.09
田中　正義,49,1,1,13,12,13,0,0,0,0.5,196,47.2,37,2,13,5,2,48,2,0,7,7,1.32
玉井　大翔,40,3,2,1,17,20,0,0,0,0.6,127,32,23,1,8,1,2,23,0,0,8,8,2.25
生田目　翼,25,0,0,0,6,6,0,0,0,0,105,27.1,20,3,5,0,0,16,0,0,7,7,2.3
バーヘイゲン,6,3,3,0,0,1,0,0,0,0.5,113,26.2,28,4,6,0,1,22,0,1,18,18,6.08
福島　蓮,8,5,0,0,0,0,0,0,0,1,178,44,37,4,15,0,1,37,0,0,11,11,2.25
福谷　浩司,14,1,1,0,2,3,0,0,0,0.5,63,14.1,16,3,4,0,0,11,1,0,10,6,3.77
*細野　晴希,6,3,1,0,0,0,0,0,0,0.75,146,35.2,18,0,23,0,1,34,1,0,6,6,1.51
*堀　瑞輝,2,0,0,0,0,0,0,0,0,0,9,1.2,3,0,1,0,0,2,0,0,3,3,16.2
松岡　洸希,3,0,0,0,0,0,0,0,0,0,22,4,8,1,2,0,0,5,0,0,4,3,6.75
*宮西　尚生,31,1,1,0,12,13,0,0,0,0.5,91,19.2,23,1,8,1,0,14,3,0,9,7,3.2
柳川　大晟,37,2,1,11,7,9,0,0,0,0.667,142,35.1,20,2,15,2,2,43,2,1,6,4,1.02
*山﨑　福也,20,7,5,0,0,2,2,1,2,0.583,450,111,105,11,18,1,1,51,2,0,36,28,2.27
山本　拓実,27,2,2,1,0,2,0,0,0,0.5,110,25.2,23,0,10,1,0,30,0,0,11,10,3.51
東妻　勇輔,6,0,0,0,1,1,0,0,0,0,28,5.1,10,0,3,0,0,4,0,0,4,4,6.75
石川　柊太,19,4,7,0,0,0,0,0,0,0.364,454,103.1,110,11,37,0,5,56,4,0,55,53,4.62
一條　力真,1,0,0,0,0,0,0,0,0,0,6,1,1,0,2,0,0,1,1,0,1,1,9
*小島　和哉,24,8,10,0,0,0,0,0,0,0.444,619,145,144,20,54,0,3,92,3,0,67,60,3.72
小野　郁,47,2,2,0,10,12,0,0,0,0.5,180,41.2,40,1,13,0,2,41,1,0,15,12,2.59
唐川　侑己,2,1,1,0,0,0,0,0,0,0.5,38,9,10,0,1,1,0,6,0,0,4,4,4
河村　説人,4,2,1,0,0,0,0,0,0,0.667,90,21,17,1,8,0,2,14,0,0,9,6,2.57
菊地　吏玖,21,0,1,0,0,0,0,0,0,0,108,23.2,24,6,13,0,0,19,2,0,14,14,5.32
木村　優人,22,3,2,1,5,6,2,1,0,0.6,281,68,57,7,18,0,2,50,0,0,34,25,3.31
ゲレーロ,21,1,3,1,5,6,0,0,0,0.25,89,19.2,22,4,8,0,1,15,1,0,14,14,6.41
*サモンズ,16,5,5,0,1,1,0,0,0,0.5,373,85.2,75,12,40,0,6,73,3,0,41,36,3.78
坂井　遼,1,0,0,0,1,1,0,0,0,0,4,1,0,0,1,0,0,1,0,0,0,0,0
*坂本　光士郎,8,1,2,0,2,3,0,0,0,0.333,28,5.2,6,0,4,0,2,3,0,0,4,4,6.35
澤田　圭佑,29,1,1,1,0,1,0,0,0,0.5,113,27.1,25,3,8,0,0,21,0,0,12,12,3.95
澤村　拓一,20,0,1,0,6,6,0,0,0,0,84,18.1,16,0,15,0,1,10,1,0,8,8,3.93
*鈴木　昭汰,29,1,3,5,14,15,0,0,0,0.25,122,28,32,1,8,0,2,27,2,0,15,15,4.82
*高野　脩汰,37,5,3,0,15,20,0,0,0,0.625,219,53.2,43,3,14,2,2,61,4,0,11,11,1.84
田中　晴也,13,3,5,0,0,0,0,0,0,0.375,316,76.1,63,4,27,1,1,77,6,0,24,21,2.48
種市　篤暉,24,9,8,0,0,0,2,0,0,0.529,666,160.2,134,13,50,0,6,161,9,0,55,47,2.63
*中村　稔弥,15,0,0,0,0,0,0,0,0,0,87,20,19,2,10,1,0,8,0,0,8,7,3.15
中森　俊介,25,2,2,5,10,12,0,0,0,0.5,111,29.1,19,1,4,0,1,36,0,0,4,4,1.23
西野　勇士,9,0,4,0,0,0,0,0,0,0,207,49.2,49,3,11,0,2,29,0,0,17,17,3.08
西村　天裕,1,0,0,0,0,0,0,0,0,0,8,0.2,4,0,2,0,0,1,0,0,3,3,40.5
早坂　響,9,0,0,0,0,0,0,0,0,0,51,11,12,1,8,0,0,4,2,0,9,9,7.36
廣池　康志郎,18,1,3,0,4,5,0,0,0,0.25,87,20.1,21,4,6,0,0,20,0,0,11,11,4.87
廣畑　敦也,8,0,1,0,0,0,0,0,0,0,37,7.2,8,2,6,0,0,5,0,0,5,5,5.87
二木　康太,1,0,1,0,0,0,0,0,0,0,7,1,2,1,1,0,1,0,0,0,4,4,36
ボス,22,3,9,0,0,0,0,0,0,0.25,530,125,129,8,28,0,7,92,5,0,57,55,3.96
益田　直也,22,1,4,5,2,3,0,0,0,0.2,89,20.2,19,1,8,1,1,17,2,0,10,10,4.35
美馬　学,1,0,0,0,0,0,0,0,0,0,1,0.1,0,0,0,0,0,1,0,0,0,0,0
八木　彬,27,0,1,0,5,5,0,0,0,0,117,25.2,32,3,7,1,3,25,0,0,17,17,5.96
横山　陸人,50,2,4,12,20,21,0,0,0,0.333,227,56.1,37,3,16,2,5,47,3,0,14,13,2.08
*吉川　悠斗,2,1,0,0,0,0,0,0,0,1,41,9,5,1,6,0,2,6,1,0,7,6,6
内　星龍,25,3,5,1,1,2,0,0,0,0.375,355,83.1,83,7,23,1,3,42,1,0,30,27,2.92
江原　雅裕,30,1,1,0,1,2,0,0,0,0.5,147,31.1,35,1,21,1,1,18,0,0,14,12,3.45
大内　誠弥,2,0,0,0,0,0,0,0,0,0,36,9,5,0,5,0,0,6,0,0,2,2,2
加治屋　蓮,54,2,1,1,18,20,0,0,0,0.667,186,43.2,41,4,19,1,1,34,3,0,18,17,3.5
*辛島　航,2,0,2,0,0,0,0,0,0,0,32,6,15,1,1,0,0,1,0,0,7,7,10.5
岸　孝之,19,6,6,0,0,0,1,0,0,0.5,467,109,125,10,22,0,4,55,0,0,54,53,4.38
*古謝　樹,19,7,7,0,0,1,1,1,0,0.5,459,107,118,8,27,0,3,76,1,0,48,44,3.7
小孫　竜二,1,0,0,0,0,0,0,0,0,0,6,1.2,2,0,0,0,0,3,0,0,0,0,0
今野　龍太,42,1,2,0,5,6,0,0,0,0.333,181,42.1,33,4,18,1,3,22,2,0,17,17,3.61
坂井　陽翔,1,0,0,0,0,0,0,0,0,0,20,5,4,0,1,0,0,5,0,0,1,1,1.8
柴田　大地,6,1,0,0,0,1,0,0,0,1,38,8.2,8,1,6,0,0,6,0,0,2,2,2.08
荘司　康誠,13,4,4,0,0,0,0,0,0,0.5,315,76.1,65,4,25,0,5,70,4,0,26,26,3.07
*鈴木　翔天,46,2,4,5,19,21,0,0,0,0.333,172,42,33,2,15,0,0,52,1,0,12,11,2.36
宋　家豪,10,1,0,1,2,3,0,0,0,1,39,9.2,10,2,2,0,0,5,0,0,4,4,3.72
*ターリー,2,0,0,0,0,0,0,0,0,0,7,1.1,2,0,1,0,0,1,0,0,1,1,6.75
*泰　勝利,6,1,0,0,0,1,0,0,0,1,29,6.1,7,0,3,0,1,14,0,0,1,0,0
瀧中　瞭太,15,4,9,0,0,0,1,1,1,0.308,364,83.2,83,9,21,0,6,50,0,0,41,32,3.44
津留﨑　大成,17,0,0,0,1,1,0,0,0,0,122,27.1,30,2,7,0,3,26,2,0,14,11,3.62
中込　陽翔,7,0,0,0,0,0,0,0,0,0,32,6.2,6,0,6,1,0,3,0,0,4,4,5.4
西垣　雅矢,63,7,1,0,14,21,0,0,0,0.875,240,59.2,39,4,22,2,5,64,2,0,14,13,1.96
西口　直人,52,3,1,1,31,34,0,0,0,0.75,192,50.2,29,3,13,1,0,70,2,0,6,6,1.07
則本　昂大,56,3,4,16,10,13,0,0,0,0.429,248,56,60,4,20,0,2,43,0,0,19,19,3.05
ハワード,9,5,1,0,0,0,0,0,0,0.833,196,48.2,42,1,11,0,2,36,0,1,13,12,2.22
*早川　隆久,12,2,8,0,0,0,0,0,0,0.2,290,68.1,67,10,20,0,1,62,3,1,35,33,4.35
*林　優樹,1,0,0,0,0,0,0,0,0,0,6,1.1,0,0,1,0,1,3,1,0,0,0,0
日當　直喜,1,1,0,0,0,1,0,0,0,1,3,1,0,0,0,0,0,2,0,0,0,0,0
*藤井　聖,22,6,7,0,0,0,0,0,0,0.462,483,109.2,121,9,43,0,6,58,0,0,46,39,3.2
藤平　尚真,62,2,2,12,21,23,0,0,0,0.5,238,59.2,45,6,20,2,0,66,1,0,16,14,2.11
松井　友飛,13,1,3,0,1,2,0,0,0,0.25,127,27,31,4,19,2,1,25,1,0,18,18,6
松田　啄磨,1,0,0,0,0,0,0,0,0,0,3,1,0,0,1,0,0,0,0,0,0,0,0
宮森　智志,10,1,0,0,0,1,0,0,0,1,63,12,18,1,8,1,3,9,0,0,14,14,10.5
ヤフーレ,14,2,6,0,0,0,0,0,0,0.25,293,64.1,80,1,23,0,4,30,2,0,38,32,4.48
渡辺　翔太,26,1,0,1,7,8,0,0,0,1,119,25.2,29,1,14,1,0,20,1,0,11,11,3.86
東　晃平,6,1,2,0,0,0,0,0,0,0.333,113,26,21,0,14,0,2,13,1,0,10,9,3.12
阿部　翔太,16,0,0,0,0,0,0,0,0,0,62,14.2,14,2,6,0,0,12,0,0,5,5,3.07
井口　和朋,5,0,0,0,0,0,0,0,0,0,28,4.2,8,0,4,0,1,2,1,0,7,5,9.64
入山　海斗,15,2,0,0,1,3,0,0,0,1,54,14.1,9,1,4,1,0,13,1,0,8,8,5.02
岩嵜　翔,37,4,1,0,16,20,0,0,0,0.8,136,34,26,0,10,0,1,34,1,0,8,8,2.12
エスピノーザ,23,5,8,0,0,0,1,0,0,0.385,566,129.2,131,3,47,0,5,119,5,0,48,43,2.98
片山　楽生,21,1,0,1,0,1,0,0,0,1,126,30,30,2,6,1,1,18,1,0,8,7,2.1
川瀬　堅斗,23,1,1,0,3,4,0,0,0,0.5,138,32,32,1,13,3,2,18,2,0,13,13,3.66
九里　亜蓮,25,11,8,0,0,0,2,1,0,0.579,678,164.1,155,7,48,0,6,114,1,2,49,44,2.41
古田島　成龍,20,2,1,0,6,8,0,0,0,0.667,86,18.1,21,1,12,1,1,14,0,0,9,9,4.42
権田　琉成,9,1,0,0,0,1,0,0,0,1,52,11.1,16,0,2,0,1,7,0,0,7,7,5.56
才木　海翔,38,2,1,4,11,13,0,0,0,0.667,130,33.2,20,1,12,0,0,36,5,0,8,7,1.87
*佐藤　一磨,3,1,1,0,0,0,0,0,0,0.5,64,13.1,22,5,5,0,0,13,0,0,10,10,6.75
*曽谷　龍平,21,8,8,0,0,0,1,0,1,0.5,486,114.1,125,7,25,1,8,102,3,0,55,51,4.01
髙島　泰都,22,2,1,0,0,0,0,0,0,0.667,265,61.1,67,1,18,3,4,31,2,0,25,25,3.67
*田嶋　大樹,18,7,7,0,0,0,2,2,2,0.5,440,106.1,106,8,24,0,0,77,2,0,43,37,3.13
寺西　成騎,11,2,3,0,1,1,0,0,0,0.4,163,35.2,46,2,15,0,0,20,0,0,22,21,5.3
*東松　快征,7,0,2,0,0,0,0,0,0,0,53,10,17,0,6,0,0,9,0,0,13,12,10.8
*富山　凌雅,5,0,0,0,0,0,0,0,0,0,23,4,6,1,4,0,1,1,0,0,4,4,9
平野　佳寿,3,0,1,1,0,0,0,0,0,0,14,2.1,5,1,2,0,0,1,0,0,4,4,15.43
博志,15,0,0,0,4,4,0,0,0,0,58,12.1,16,1,6,0,0,6,0,0,9,9,6.57
ペルドモ,50,2,4,0,33,35,0,0,0,0.333,204,48.1,50,1,16,4,1,27,0,0,18,17,3.17
本田　圭佑,9,0,0,0,0,0,0,0,0,0,56,12.2,18,1,2,0,0,9,0,0,9,9,6.39
マチャド,58,3,6,28,9,12,0,0,0,0.333,233,55.1,50,0,16,2,3,68,0,0,16,14,2.28
*宮城　大弥,23,7,3,0,0,0,0,0,0,0.7,615,150.1,135,6,30,0,6,165,3,0,41,40,2.39
椋木　蓮,12,0,2,0,4,4,0,0,0,0,115,24.2,36,2,7,0,1,19,0,0,22,19,6.93
山岡　泰輔,41,5,3,0,13,18,0,0,0,0.625,158,36,42,1,8,1,2,32,0,0,17,17,4.25
山口　廉王,1,0,0,0,0,0,0,0,0,0,4,1,0,0,1,0,0,0,0,0,0,0,0
山﨑　颯一郎,28,2,1,0,4,6,0,0,0,0.667,116,27.1,24,5,11,0,2,32,2,0,14,13,4.28
山下　舜平大,4,1,0,0,1,1,0,0,0,1,86,21.2,14,1,7,0,1,31,2,0,3,3,1.25
*山田　修義,28,2,2,0,10,12,0,0,0,0.5,107,23.1,25,2,10,0,0,21,0,0,12,11,4.24
横山　楓,14,2,0,0,4,6,0,0,0,1,63,16.1,12,0,5,0,0,18,0,0,2,2,1.1
青山　美夏人,2,0,0,0,0,0,0,0,0,0,11,2,3,1,2,0,0,0,0,0,3,3,13.5
糸川　亮太,13,0,1,0,0,0,0,0,0,0,68,18.2,11,3,2,0,1,17,0,0,6,6,2.89
今井　達也,24,10,5,0,0,0,5,3,3,0.667,641,163.2,101,6,45,0,10,178,3,0,38,35,1.92
ウィンゲンター,49,1,4,0,31,32,0,0,0,0.2,188,46.2,26,2,20,0,2,69,4,0,11,9,1.74
上田　大河,4,0,2,0,0,0,0,0,0,0,94,20,30,1,6,0,1,6,0,0,15,15,6.75
甲斐野　央,47,2,3,0,33,35,0,0,0,0.4,180,43.2,34,3,18,1,3,36,2,0,13,12,2.47
黒木　優太,29,1,1,0,3,4,0,0,0,0.5,123,29.1,24,1,13,1,0,25,4,0,15,11,3.38
黒田　将矢,8,0,0,0,0,0,0,0,0,0,59,12.2,16,4,7,0,0,13,0,0,8,8,5.68
*佐々木　健,15,0,3,0,1,1,0,0,0,0,62,14.1,13,1,4,0,3,8,0,0,8,8,5.02
*佐藤　隼輔,20,0,2,0,6,6,0,0,0,0,93,19.2,24,2,10,1,2,13,1,0,14,14,6.41
篠原　響,2,0,1,0,0,0,0,0,0,0,39,7,15,1,2,0,1,8,0,0,8,8,10.29
*菅井　信也,11,5,5,0,0,0,0,0,0,0.5,239,55.1,51,5,29,0,0,47,0,0,22,22,3.58
*杉山　遙希,1,0,1,0,0,0,0,0,0,0,24,4,11,1,1,0,0,2,0,0,9,8,18
*隅田　知一郎,23,10,10,0,0,0,3,1,1,0.5,646,159.2,142,12,34,2,2,149,3,0,47,46,2.59
平良　海馬,54,4,2,31,8,12,0,0,0,0.667,220,52.2,43,0,21,1,3,53,2,0,12,10,1.71
髙橋　光成,24,8,9,0,0,0,0,0,0,0.471,616,148,141,10,41,0,6,88,7,1,56,50,3.04
*武内　夏暉,12,4,5,0,0,0,0,0,0,0.444,276,63.1,70,6,19,1,3,46,1,0,40,37,5.26
田村　伊知郎,20,0,1,0,1,1,0,0,0,0,116,27.2,26,4,7,1,2,20,0,0,13,11,3.58
中村　祐太,20,0,2,0,0,0,0,0,0,0,101,26,21,1,9,1,0,23,1,0,4,3,1.04
*羽田　慎之介,24,1,1,0,2,3,0,0,0,0.5,98,21.1,20,0,14,0,3,25,1,1,7,7,2.95
*浜屋　将太,16,0,0,0,0,0,0,0,0,0,60,14,13,0,10,0,0,12,1,0,8,7,4.5
ボー・タカハシ,4,0,0,0,0,0,0,0,0,0,27,5,12,0,1,0,0,4,0,0,6,6,10.8
松本　航,3,0,2,0,0,0,0,0,0,0,59,14,14,3,5,0,0,12,0,0,10,10,6.43
豆田　泰志,3,0,0,0,0,0,0,0,0,0,17,4,5,0,0,0,0,6,0,0,0,0,0
水上　由伸,5,0,0,0,0,0,0,0,0,0,25,5.2,7,0,2,0,1,3,0,0,0,0,0
山田　陽翔,49,3,3,1,17,20,0,0,0,0.5,201,47.2,46,3,17,0,1,31,1,0,12,11,2.08
與座　海人,16,6,5,0,0,0,1,0,0,0.545,377,93.2,74,10,16,0,9,44,0,0,30,26,2.5
Ｅ．ラミレス,27,1,0,0,7,8,0,0,0,1,106,26.2,16,1,12,1,0,28,2,0,3,3,1.01
渡邉　勇太朗,23,7,9,0,0,0,1,1,1,0.438,565,134,127,9,38,0,4,81,3,0,47,40,2.69
